0	9,2,10,0,3,1	386,328,267,396,1102
1	13,15,12,14	352,153,805,645,104
2	23,27,9,18,26,26	450,1058,964,581,1253
3	57,61,52,65,51,59	352,217,1337,974,1102
4	104,104,119,105,87,90	930,1028,392,15,496
5	130,132,131	1282,2,235,1229,1456
6	135,136,139,137,66,134	864,1090,580,426,1370
7	148,153,147,147,40,143	963,1251,446,550,1062
8	166,165,177,171,168,169	5,935,1256,1033,1447
9	179,190,153,182,51,63	480,1089,261,1286,518
10	195,194,146,197,141,196	418,131,869,1253,389
11	166,198,199	153,99,677,521,956
12	9,200,7,201	199,424,1448,1067,429
13	205,204,31,203,20,206	1344,291,579,740,520
14	246,232,220,190,217,244	68,265,1228,812,1394
15	251,253,252	320,385,1090,931,838
16	256,259,255,261,254,258	128,448,740,231,938
17	65,262,263,159	1152,289,259,964,1190
18	264,274,194,271,270,266	33,1186,129,1445,197
19	280,278,277,279	296,776,650,392,876
20	280,283,281,282	224,928,355,805,998
21	87,288,290,289,285,287	867,516,357,997,1190
22	291,292,296,261,295,293	608,835,1284,934,616
23	309,312,307,40,311,193	608,97,866,1283,293
24	23,313,31,317,314,316	322,419,1125,517,1414
25	320,319,321	1216,608,1346,1152,900
26	9,66,323,322	129,995,931,774,648
27	135,135,23,361,246,329	480,426,1259,1453,462
28	387,296,386	864,1445,1030,648,1353
29	388,389,153,391,363,189	576,611,1316,1125,422
30	395,398,397,396	1348,774,1128,968,875
31	205,400,401,25,156,368	33,356,580,871,1260
32	119,139,312,403,404,405	770,1285,646,616,107
33	404,414,10,411,412,8	673,739,357,712,1147
34	417,419,420,416,157,421	867,1178,1163,1356,174
35	376,335,419	1281,354,1185,1094,733
36	424,126,129,425,426,422	32,33,162,35,739
37	391,364,428,427,242,130	839,680,988,1132,942
38	147,430,429	129,66,35,1218,741
39	389,432,431,362,120,433	544,1121,1412,1146,1337
40	205,488,461,246,459,458	224,291,357,1189,1391
41	309,52,274,404,288,493	544,673,643,1125,714
42	498,499,369,496,497	258,482,69,551,264
43	503,505,101,502,504,55	354,68,937,843,1261
44	119,464,507,310,129,15	736,487,1065,681,525
45	119,26,508,185,228,511	520,523,366,1390,943
46	394,512,210,513,514	484,1126,1030,618,588
47	522,523,517,518,521,516	929,33,1220,292,1002
48	488,526,507,207	33,1411,963,933,1446
49	528,149,527,529,260,530	64,1185,771,1221,1222
50	534,533,532,531	1185,865,166,1287,327
51	205,536,356,538,537,535	321,1221,1157,775,1418
52	539,190,522,545,504,338	1093,38,1288,651,716
53	479,546,39,420,385,409	418,1442,388,677,262
54	23,459,139,52,2,557	932,996,6,1418,331
55	124,122,162,248,562,563	258,773,261,871,488
56	313,461,570,87,90,569	509,709,421,1413,264
57	153,230,236,575,516,571	1377,994,1030,390,711
58	119,139,577,517,576,376	354,292,1414,551,1127
59	217,90,65,580,436,583	1313,1378,1379,741,134
60	587,586,588,590,202,589	1441,1251,1028,581,902
61	313,280,26,90,336,607	322,1348,807,1288,727
62	388,616,615,62,612,261	578,386,104,969,1163
63	40,618,431,443	1153,165,1096,1001,490
64	364,40,43,430,619,392	1059,1443,1418,1263,1042
65	625,401,200,149,261,126	1217,1410,1441,1444,646
66	629,24,63,639,580,147	449,1155,1222,1064,1224
67	640,639,296,642,215,641	417,1153,291,37,807
68	23,65,479,376,470,37	1122,867,1177,167,1134
69	401,296,653,652,301	834,99,324,361,74
70	205,232,101,111,641,392	739,838,1439,1129,1385
71	657,479,656,432,124,654	803,579,67,1348,1241
72	205,659,660,299,345,661	1315,265,46,721,562
73	57,516,320,395,666,662	770,675,228,168,1064
74	667,668,394,669,395,197	1406,1284,165,518,1160
75	205,135,23,461,179,232	640,65,1152,515,717
76	104,139,686,557,681,639	896,1317,1031,679,297
77	125,126,131	768,515,69,263,907
78	629,689,528,575,655,690	609,354,995,1028,548
79	104,313,313,695,217,2	231,743,327,1337,653
80	701,702,700	1026,675,34,325,165
81	703,705,706,704	643,68,103,361,91
82	18,689,708,707,710,435	256,802,804,1096,873
83	73,712,714,715,713	1120,769,1063,202,1387
84	220,716,717,215,718,595	192,1313,450,996,1132
85	721,720,719	641,868,1096,1225,147
86	724,73,725,723,722	1282,995,485,389,295
87	313,588,726,727,708,730	993,709,1417,106,139
88	104,104,737,733,149,732	896,291,744,1065,427
89	16,724,740,739,741,742	225,1410,515,677,70
90	744,745,743	1026,1219,1018,774,103
91	336,753,724,601,101,751	1122,804,1350,902,1000
92	539,374,40,472,43	387,1252,1319,1226,907
93	135,27,313,668,220,148	1378,643,868,581,322
94	685,762,763	801,519,1096,871,651
95	663,738,665,764	259,836,1157,72,1097
96	766,765,767	897,386,579,740,901
97	87,53,736,768	1088,544,194,911,559
98	321,770,769	1186,483,1314,294,615
99	23,149,771	480,838,1288,872,41
100	775,773,557,250,30,124	288,350,997,261,362
101	780,139,458,340,464,463	33,5,1351,8,447
102	786,487,787,788	611,503,581,358,136
103	488,790,789,788	32,1381,713,1357,975
104	793,794,792,795,796,767	512,672,386,356,38
105	793,797,795	929,707,408,1019,649
106	205,361,657,640,798,311	1088,515,680,940,653
107	479,401,40,478,800	480,217,1063,74,171
108	801,208,803,802	65,1059,805,997,297
109	805,806,807,35,159,804	385,481,1222,839,488
110	479,638,808	995,549,1446,937,1290
111	312,809,678,810,478,538	1376,224,931,774,871
112	219,811,812	1282,645,40,110,1423
113	813,247,680,68,132	962,1410,1187,452,7
114	136,817,629,814,122,815	257,1122,546,196,836
115	636,615,710	320,1376,323,1348,1255
116	822,820,819,821,604,483	1380,1254,518,1401,139
117	825,153,828,826,99,827	477,1093,1094,1222,231
118	45,43,829,830	136,617,169,651,974
119	786,831,832	736,1344,1279,1220,101
120	777,63,296,122,375,221	131,964,1158,167,953
121	430,837,840,836,838,839	224,131,6,903,520
122	539,725,841	706,933,42,971,754
123	23,780,844,498,842,843	578,261,934,904,1231
124	616,248,845	769,1347,1027,872,172
125	404,846,75	577,71,202,1164,1004
126	701,848,849,847	514,998,391,200,1289
127	199,850,832	928,1283,4,932,1157
128	797,851,795	450,195,1419,1004,109
129	853,587,250,678,126,627	1121,66,38,1351,1448
130	153,479,854	65,1060,38,998,713
131	57,570,657,193,772,635	517,313,907,844,334
132	856,188,857,858	480,446,1129,1197,942
133	777,572,823	963,548,995,358,1097
134	43,526,480,207	96,997,1413,967,41
135	135,424,313,137,153,244	1057,899,68,586,1099
136	856,411,572	512,359,650,202,300
137	246,557,359,575,311,562	320,827,1315,69,614
138	104,361,498,312,82,748	320,1184,34,131,1127
139	775,758,866	1315,1446,935,296,1127
140	280,61,775,872,868,869	99,837,678,1063,586
141	2,557,51,364,466,556	1057,578,1027,1252,1091
142	780,882,463,25,199,880	258,195,1063,424,556
143	884,786,831,883	289,486,680,329,522
144	885,231,636,575,144	1440,614,1415,392,618
145	761,813,802	1145,191,414,261,1063
146	250,546,658	292,392,1129,1450,653
147	570,642,887,886	1377,900,1421,558,1103
148	104,136,9,888,806,496	802,73,746,1098,428
149	625,891,718,892	1313,1058,228,42,1132
150	629,16,586,165,40,895	1472,224,130,452,1285
151	414,472,896	1216,2,899,1060,1126
152	528,10,70,201,538	1056,1062,263,1383,266
153	317,898,897	1336,453,295,488,267
154	899,654,247,484,585	3,357,358,774,167
155	638,810,900,643	512,673,1379,676,682
156	639,263,556,801,902,903	97,353,995,4,742
157	205,388,232,312,357,244	1374,1058,355,995,1221
158	575,588,331,225,0,150	130,387,134,936,585
159	9,389,45,908,53,910	512,289,1350,1191,744
160	853,640,911,730,435	643,1028,1188,197,1348
161	668,751,904,252,31,78	992,1249,1030,232,168
162	9,125,70,653	1248,673,611,26,393
163	917,748,916,915	672,1445,1287,201,1450
164	64,918,919,866,920,620	96,963,100,646,488
165	695,59,66	161,162,259,1058,1029
166	853,63,801,526,923,756	769,132,232,1160,777
167	45,924,666	1312,359,1192,615,907
168	817,246,498,204,885,775	898,803,579,165,1446
169	931,931,313,313,577,534	993,130,1444,262,1064
170	817,340,90,339,607,908	869,555,1132,1356,368
171	295,900,418	1124,456,1097,552,1448
172	940,940,940,940,940	416,833,836,647,1130
173	503,198,509	961,227,517,583,1160
174	944,271,784,263,78,942	67,804,261,69,907
175	668,947,948,930,710	1088,417,771,1380,676
176	949,950,951	1089,162,1221,135,778
177	780,329,458,695,190,292	1025,98,547,1093,167
178	343,651,474	130,483,1220,1350,1030
179	77,628,963	1431,1093,493,782,346
180	701,525,849,964	257,1315,932,581,901
181	329,337,825,87,52,324	421,1190,234,1115,791
182	983,244,926,868,30,737	800,552,73,1196,558
183	539,983,986,190,522,454	1216,417,162,1380,806
184	136,958,483,583,121,480	32,33,614,1030,940
185	844,90,990,726,761,989	1272,1468,1382,360,41
186	42,398,896,991	1282,485,389,715,942
187	625,61,994,993,262,727	32,1029,1061,1157,391
188	262,295,375,881,646,750	640,1216,1122,484,165
189	23,324,65,904,235,996	705,613,965,106,267
190	246,232,825,336,60,84	961,66,548,69,615
191	335,343,1000,510	159,837,1031,235,279
192	522,821,1001,1002,269	67,1252,1191,777,43
193	570,1004,641,1003	355,70,1448,553,1129
194	1005,1005,1005	738,931,70,199,105
195	329,324,1006,845	512,962,834,712,872
196	70,67,129,11	707,1316,389,326,135
197	761,801,70,378,385,785	866,229,1446,520,648
198	125,1007,781	738,1058,1411,198,383
199	793,201,796	578,35,1413,742,1095
200	119,1009,928,1010,259,414	513,194,67,1187,1413
201	659,262,666	768,675,518,716,269
202	105,291,101,356,1013,500	2,579,931,5,7
203	139,586,156,420,913	1121,897,836,5,230
204	1015,1017,1014,1016	1249,34,295,297,1258
205	817,777,188	67,987,328,329,586
206	1005,1005,1018	477,675,356,1155,487
207	702,576,180,1023,1021,623	2,1190,200,713,1353
208	166,270,900,1024,1025	737,867,376,42,1004
209	1026,884,1018,786,1027,1028	544,1305,299,207,240
210	1018,1030,1029,1027,792,796	320,1121,1026,1284,4
211	773,766,677,1031	320,161,295,1324,1070
212	57,784,891,1032	928,1057,1190,679,970
213	744,1034,1033	704,322,291,1254,669
214	545,514,906	193,290,708,549,262
215	1005,1005,1005	1,1443,997,797,1037
216	461,1036,1035	1027,1414,712,1131,76
217	1037,1038,1039	352,90,521,170,555
218	424,246,166,374,546,294	896,771,1411,1254,1324
219	143,311,545,1040	289,645,808,1450,395
220	483,665,1041	800,1024,544,64,866
221	23,335,1040,902,287	1057,1279,838,969,815
222	337,868,331,1043,227,241	1313,388,229,107,588
223	615,1044,20,765,1045,543	5,774,169,362,301
224	1047,993,1046,181	1409,578,99,1068,12
225	610,487,1048,837	1186,709,1255,286,431
226	668,810,249	1249,1125,902,903,1449
227	1049,891,567	320,545,865,1447,872
228	885,773,753,887	1152,705,1251,549,1384
229	725,411,732,434,916,273	673,1122,1061,1161,426
230	459,96,1050	161,517,709,326,1350
231	248,548,653,923,1051,768	1381,805,1125,262,649
232	232,1053,1054,247	325,1189,423,861,560
233	312,1055,597,275,1056,1057	1152,933,998,199,359
234	853,695,503,357,872,364	641,1410,165,230,298
235	188,231,439,462,502,185	232,328,1420,972,942
236	16,1059,517	771,260,292,870,871
237	1053,1060,158	673,706,1187,676,1090
238	424,232,775,944,63,809	1152,1280,1098,1133,1458
239	179,72,404,1065	1409,5,741,615,360
240	1005,1005,1005,1005,1066,850	577,257,131,1379,134
241	885,77,59,639,618,976	1152,700,1315,614,1178
242	1067,995,1068	1442,1177,711,168,905
243	135,246,220,746,326,154	804,901,1060,1351,104
244	503,203,360,402,1070,297	673,548,1061,582,168
245	570,555,1071	548,933,519,1128,968
246	329,885,3,169,1072	800,1186,775,41,9
247	691,1073,719	1186,1282,741,773,1383
248	940,940,940,940	1376,485,1253,197,296
249	808,658,644	544,97,290,1342,463
250	701,716,662	1377,994,674,1315,1378
251	80,1074,1032	1249,771,997,1288,1003
252	1047,882,57,204,458,928	65,386,259,836,1282
253	666,1082,1081	578,1252,359,490,76
254	947,1083,706	416,770,3,1028,550
255	844,116,1084	732,516,518,167,776
256	57,148,357	1281,995,899,871,199
257	374,124,369,387,561,800	673,98,227,868,517
258	204,570,773,1086,1087,325	416,832,1348,298,1066
259	1089,77,1088,936,1090	577,836,837,122,71
260	177,451,595	162,965,1135,1393,434
261	629,926,927,489	832,129,838,396,301
262	931,1091,849	256,1251,327,647,778
263	195,702,693,1021,1020	96,961,707,422,647
264	1092,930,819,841	1,1121,255,1159,295
265	931,525,532	768,1050,1384,42,1196
266	931,931,1059,586,814,703	672,1376,101,198,329
267	1094,78,436,436,489,860	481,998,1464,588,877
268	337,1096,834	193,609,1254,7,1128
269	667,1059,1097,1098	609,3,419,1254,617
270	1009,177,1099,1035	544,1411,676,388,74
271	1097,804,1100	1025,869,1029,549,741
272	249,15,803,44	32,1024,1346,771,350
273	1047,871,698,887,699	739,806,1446,617,75
274	27,116,241	1440,1027,995,294,135
275	88,912,1101,1102,422	1216,1345,1154,477,1092
276	135,313,220,105,26,28	1059,1155,167,455,297
277	166,695,404,252,76,78	195,605,906,1179,1453
278	701,1038,1107,1020	929,451,166,391,39
279	361,217,1043,905,86	97,771,195,1127,1223
280	499,2,766,493,193,562	548,806,487,968,1066
281	45,1108,66	896,407,318,4,1241
282	188,1109,108	1345,1410,966,968,392
283	57,125,980,1110,395,55	576,1123,1125,742,520
284	464,339,957,108,240,120	352,1145,67,1443,741
285	166,499,702,607,979,101	1187,1318,1128,490,236
286	928,929,1077,1118	995,1156,361,297,75
287	9,250,169,415,130	480,802,1412,261,408
288	944,822,502,500,862,614	192,930,420,101,646
289	926,927,490	668,552,777,715,77
290	1120,88,811	480,1024,1122,897,1056
291	1015,797,1121	676,549,1032,201,1226
292	488,49,48	770,1252,357,902,7
293	822,561,560,559	417,164,869,1252,998
294	775,356,311,898,226,984	640,516,774,327,713
295	931,1122,1123	512,1128,1066,875,1229
296	1005,1005,1066	128,579,484,1222,1065
297	18,937,524,1019	64,1440,1058,678,1127
298	391,872,359,717,1043,1125	1410,355,514,773,681
299	280,548,495,880,1126,1127	992,449,1058,34,1318
300	205,747,511,1129,923,1128	448,34,579,643,293
301	220,926,230,615,899,314	512,1409,192,1318,681
302	148,253,994,594,1130,262	33,676,1285,1221,102
303	424,587,280,18,26,522	256,769,1410,1251,388
304	844,253,244,1087,1086,1135	1152,865,640,936,1321
305	926,926,927	39,892,233,1224,1007
306	1068,1039,1137,1136	33,66,644,677,678
307	87,753,274,236,760,685	743,713,747,1071,847
308	659,253,600,5,277,1138	1188,390,519,297,396
309	302,579,1139	704,3,6,1223,680
310	220,189,66,233,991,530	1056,929,32,705,168
311	232,113,1140	737,1080,229,1448,618
312	657,822,127,483,663	385,1218,35,1160,1129
313	328,183,407,346	353,66,421,615,1354
314	9,389,965,747,909,97	800,289,1344,131,101
315	822,561,470,122,560,559	929,1441,481,1414,1063
316	702,16,848,1141	483,294,1420,1261,791
317	529,621,1142	960,1444,548,742,1386
318	521,721,1038,662	1472,609,384,1281,0
319	1143,1143,1143	930,1379,1058,901,137
320	703,705,1144	834,776,297,427,13
321	9,813,302	67,387,902,42,972
322	329,479,41,501,800,318	675,996,164,965,72
323	28,454,117,305	67,612,1062,1382,70
324	28,753,505,273	640,421,1355,108,622
325	329,28,503,412,1146,1145	356,456,937,490,238
326	780,55,1147,1085,441	1152,993,770,643,1316
327	217,1161,274,505,868,820	1090,803,1382,1062,987
328	1026,1162,1163	1089,3,163,293,743
329	312,678,514	160,546,1155,1156,37
330	1005,1066,883	1056,1216,1412,454,425
331	41,628,650	384,1059,487,903,1385
332	1094,846,849	1314,1285,1382,1383,457
333	195,952,746,806,758,1164	800,482,259,356,325
334	388,1036,1135	1154,1347,196,860,264
335	23,2,1168,717,1169	257,707,485,1063,968
336	708,1170,1171	897,417,323,265,874
337	292,270,1172,225	937,695,525,1166,1198
338	339,656,509,330,1062	353,1368,838,200,459
339	587,119,190,944,1130,708	581,165,956,783,1039
340	18,985,719	576,1345,161,545,935
341	931,947,1175,1073	1088,577,1026,1381,1286
342	1087,1086,1176,715,447,238	388,420,838,1254,1351
343	1088,1179,1177,1178	641,1186,897,867,1029
344	511,1180,494,347	1024,448,1122,1443,836
345	882,809,985,1164,567,514	737,1346,643,131,264
346	2,1105,1181	1377,579,771,772,229
347	1054,650,688,469	224,741,41,1451,653
348	182,1182,950	450,578,995,36,900
349	545,728,1183,477,778	258,733,236,1357,1455
350	1184,933,644	1090,227,900,103,232
351	430,1015,1030	99,963,868,422,1252
352	657,1149,120	1153,673,1415,1417,42
353	271,259,1105,1185,878	1440,1281,324,1126,553
354	104,195,54,1086,507,506	771,516,249,1178,297
355	931,667,908,534,693,937	453,1432,873,1261,590
356	273,731,1002	448,449,1412,1133,142
357	931,16,1093	545,325,646,1223,7
358	569,1189,979,617	803,1093,1471,619,173
359	104,27,844,388,458,87	1316,1126,713,1194,45
360	678,810,650,808,318	1185,1315,69,1337,618
361	786,1048,49	290,1220,102,40,219
362	168,178,967,1192,164	832,828,359,1096,521
363	488,430,1015	1024,325,422,684,77
364	114,1084,32	1251,391,40,809,938
365	552,1080,1193	1272,1059,1220,965,102
366	985,965,1194,1195,1131	384,677,551,1191,809
367	577,77,1196,17,1197,1024	353,1247,323,294,710
368	488,840,788	800,545,1057,131,837
369	575,394,70,507,755,1198	32,289,1152,1379,605
370	931,533,266,1039	960,1122,1059,868,709
371	931,681,623,1199	1,257,408,745,1385
372	488,610,1048	992,673,1191,846,1458
373	1047,668,726,1200,1127	32,33,516,1031,1401
374	1037,1201,531,1195	1304,1251,1093,903,424
375	570,204,1189,463,453,869	420,165,265,361,779
376	251,869,114,1205,783,1202	321,100,900,135,635
377	1088,1206,1207	1312,768,740,1348,486
378	1189,1137,1206,1208	869,389,872,1224,1034
379	629,937,819,1209,1151	1345,929,931,1444,105
380	188,810,428,1167	736,225,1218,3,1316
381	869,735,1211,1210	1056,579,1125,741,74
382	1015,1014,1029,1212	1217,1442,995,1187,232
383	983,612,1037,1213,1068	1218,164,1157,873,234
384	853,528,1214,1217,624,1216	289,641,707,1411,1349
385	1219,1218,988	640,65,322,931,964
386	65,822,912	160,738,67,482,965
387	250,876,408,247	1088,641,964,229,838
388	931,721,722	1026,1029,134,775,1097
389	87,727,492,1220,939,734	1184,448,1157,774,264
390	817,1042,1155,360	1113,129,769,419,1156
391	1221,1222,1220	1248,928,131,644,739
392	761,198,67	865,866,742,70,583
393	388,331,590,94,1223	352,1089,996,197,1318
394	104,59,965,113,929,1129	0,1056,122,521,906
395	1049,1226,1225,1056	673,772,1029,1252,711
396	204,569,189,390,555,890	706,357,1127,520,648
397	1228,766,288,717,916,1096	1272,1347,708,963,263
398	639,560,690,318	513,67,37,262,424
399	1047,309,872,753,1230,86	384,673,966,359,712
400	766,1080,29	736,865,1217,419,198
401	667,411,1136	706,99,258,579,478
402	59,189,494	866,965,1096,250,683
403	461,979,956,640,236,542	960,961,1252,805,935
404	280,536,166,577,61,337	291,900,293,363,395
405	908,708,1237,1097,1213,1236	546,1082,614,201,1002
406	776,745,1238	800,833,96,1255,232
407	576,848,995,1038,1240,1239	196,517,1382,1127,1099
408	947,776,700,1175	827,1059,1347,1382,711
409	461,411,290,845,50,94	448,993,1056,484,357
410	97,921,1241	864,36,1343,1135,784
411	137,30,321,1242,1133	609,324,999,199,425
412	1243,1245,1244	577,1311,72,1162,1163
413	45,999,343,1246,585,213	668,66,291,1094,230
414	361,773,253,956,457,325	800,1122,645,7,8
415	205,522,177,80,1247	1123,1188,900,678,615
416	488,430,838	257,130,998,967,1032
417	1248,941,1202	1024,422,807,72,363
418	430,1030,785,323	986,130,771,965,743
419	691,842,1209	419,932,923,934,905
420	1250,518,1249	1089,933,1287,840,1197
421	894,857,1251,1024,1019,713	161,1153,481,326,1319
422	780,1009,60,54,1040,728	1185,961,771,1187,840
423	25,221,460	707,1285,646,134,679
424	23,479,648,828,574,1252	352,1187,900,174,79
425	587,944,1181	928,1025,1378,1345,1185
426	628,618,765	1123,933,165,1319,71
427	793,1018,1253	609,163,774,518,8
428	1228,280,217,686,1189,656	321,1378,385,549,904
429	676,736,109	354,357,1351,1096,297
430	488,884,487,837	672,289,993,1025,164
431	888,1255,712,1097,1173,1256	513,866,1289,907,1260
432	616,1004,315,890,118,346	64,897,417,426,170
433	1250,517,1255	868,516,408,1416,1291
434	27,388,148,357,466,1080	192,257,259,291,1379
435	251,876,478,801,1257	1056,646,968,1005,1423
436	288,398,473	1440,673,1444,70,1032
437	586,1258,533,628,1251,893	800,33,1273,199,168
438	442,602,1259	864,770,1030,263,1287
439	400,612,578	325,709,425,874,586
440	701,1110,739	1441,259,1445,364,237
441	324,153,137,462,420,1080	1344,1099,364,847,145
442	577,253,16,59,55,602	1215,1060,746,555,461
443	88,215,1183,1260	258,260,613,330,1387
444	952,1262,725,519,857,1261	321,706,258,806,1159
445	105,457,891,289,98	802,869,934,1228,239
446	825,1196,594,149,525,489	1349,1414,454,1256,1448
447	135,1053,412,987,1131,812	1218,551,807,1322,1419
448	1189,154,1263,141,1264	1377,1282,227,706,389
449	355,1168,590	130,771,1154,968,553
450	793,884,786,1016,792,851	1184,513,1155,1285,550
451	793,1018,1266	256,344,840,680,716
452	104,104,882,817,264,61	258,583,423,574,746
453	459,458,956,1268,638,810	1187,932,964,1060,1192
454	844,119,625,148,944,357	1184,774,107,1133,397
455	856,1023,1272	960,961,580,40,1069
456	784,726,798,593,460,938	1376,294,585,778,1289
457	453,575,925,916	738,742,1352,937,555
458	1274,1184,1123,1098,1206	704,1409,34,451,1411
459	1026,720,791	1028,1158,935,169,746
460	232,1089,659,290,1046,582	448,417,1377,451,1030
461	27,328,185,1105	672,708,135,776,585
462	61,51,689,594,993,571	576,1441,1346,544,293
463	507,146,1278,426	160,1316,1318,870,745
464	139,45,571,525,511,745	66,355,1058,1122,488
465	927,603,1158	1408,577,1283,676,101
466	424,557,387,108,1279	1315,1156,420,1317,871
467	924,588,17,502,1280,1281	355,58,444,614,1192
468	1089,1250,908,523,517,518	259,1411,1001,746,1115
469	539,264,195,948	227,1287,840,1032,1325
470	1089,77,628,1283	256,865,482,899,385
471	740,1068,707,1251,1209	672,130,935,1321,109
472	1093,1218,1284,1254	65,223,995,1287,1225
473	986,18,522,72,271,588	448,416,163,551,73
474	872,413,1286,982	514,34,1059,1319,905
475	135,27,669,462,111,134	1024,676,1284,599,743
476	844,136,1009,465,842,338	706,1411,1316,5,423
477	400,766,1130	193,1123,676,1382,122
478	587,28,339,357,16,363	1123,549,249,27,585
479	104,499,976,642,677,1288	450,327,1352,1128,618
480	1289,832,1265,1081	545,898,3,1347,105
481	391,244,627,666,1198	827,356,1381,1445,1385
482	166,868,856,737,949,675	1441,1250,290,676,811
483	1005,1228,1066	802,997,167,1291,44
484	570,464,890	928,960,805,102,1064
485	429,1249,1290	579,996,1161,202,201
486	931,856,1179,180,1120,520	193,803,933,1382,74
487	51,638,477	1313,835,931,806,296
488	681,1059,848,1110,1207,1291	416,33,1414,1383,871
489	405,1277,1126,89	640,612,933,1093,647
490	667,517,856,776,721,705	704,2,612,452,453
491	143,493,677	1248,1282,804,870,871
492	454,400,1250,518,230,726	482,387,971,747,1133
493	361,1009,340,357,101,236	1145,546,291,260,1003
494	979,753,555,1296	1091,135,648,1450,460
495	701,520,519,1298,1297	353,1122,450,439,840
496	521,180,520	960,1409,1059,1190,1192
497	702,16,1285,622	1124,326,1036,1197,1260
498	931,1068,1175,1299	70,1192,552,427,973
499	523,1023,1122	1184,800,1123,166,8
500	1301,1300,1144	96,1441,64,1224,361
501	1258,403,513	1408,321,290,164,362
502	135,1228,867,235,806,62	800,514,738,933,455
503	464,994,1181	1,933,582,775,8
504	101,949,1302,1142	1250,965,263,138,332
505	45,87,735,945,140	416,225,802,418,357
506	724,534,689,618,1248,267	130,1091,1252,478,1030
507	27,189,806,349,1	641,1250,35,1093,1000
508	848,200,925	576,865,1249,1092,1432
509	817,625,777,417,1074	1025,674,5,422,933
510	252,335,1305,1176,1223,506	896,318,162,866,357
511	391,137,976,241,151	448,450,482,36,1061
512	748,434,772,1306	226,68,741,296,619
513	125,638,425,486,1041	1313,1028,519,744,299
514	570,82,993,188,1108,489	1444,676,1375,807,392
515	924,937,532,1309,935	1472,1345,98,1057,100
516	498,400,511,642,677,865	897,802,996,1125,1032
517	232,773,607,676,735,511	321,1155,904,1290,235
518	577,965,1021	1152,768,234,1358,1456
519	681,1243,515	672,66,1411,451,646
520	232,307,508,0,448,226	1408,1219,356,68,230
521	941,1085,959,1210	1088,100,68,10,204
522	924,691,856,848,1091,1281	1153,325,1289,748,46
523	931,701,1088,518,1093,1007	1248,1120,1443,933,828
524	775,766,1130,546,369,138	1408,417,962,454,455
525	104,780,577,105,695,458	640,382,515,520,331
526	77,846,1123,966	1026,1412,383,1130,1099
527	659,1023,168,1315	1280,1347,1349,1447,329
528	126,768,661,14	1058,1443,451,1375,872
529	18,616,985,904,1317,308	385,866,1218,898,1287
530	917,111,1318,1191,1319	739,931,806,1415,71
531	72,727,259,395,894,655	1410,859,901,936,109
532	668,1309,1308	325,1126,808,361,1227
533	256,1322,1323,1321	1187,1157,796,457,43
534	745,1063,1324	166,583,1193,426,843
535	882,1009,2,291,979,970	419,1028,1125,1253,711
536	539,135,601,656,369,328	802,1411,901,934,742
537	1161,732,1255	1344,226,610,582,870
538	57,888,176	704,1319,808,999,138
539	217,820,571,439,593,583	640,1283,708,165,1446
540	980,561,754	929,707,41,1291,556
541	1089,908,724,1196,1094,1268	707,105,458,846,1104
542	522,519,714,1284	1189,678,582,107,108
543	577,404,1326,1060	833,1094,1225,44,717
544	253,457,624	546,930,419,484,322
545	523,985,1248,758,80,258	737,1153,579,1287,487
546	749,331,905,1181	1088,870,1417,91,537
547	784,821,1327,828	704,803,231,1225,1162
548	667,882,695,825,217,753	1248,1379,1347,710,679
549	629,502,1176,697	608,674,516,1413,329
550	986,18,668,952,77,1328	1248,1284,233,110,401
551	580,996,1331,1187,434,936	33,578,1380,740,1382
552	135,388,498,363,255,642	384,708,550,232,745
553	1333,533,1237,895	930,931,1348,357,424
554	194,521,1255,995,1201,1334	512,800,450,546,452
555	1285,512,1141	1344,579,1157,1381,103
556	505,149,504,1129,718	576,640,868,548,1256
557	41,761,801,1054,653,660	450,708,1190,1351,1064
558	983,1196,744,1091,1281	1186,936,680,42,779
559	534,618,267,1188,1102	769,1250,1217,484,520
560	361,246,374,876,123,684	517,1063,267,1388,751
561	853,165,307,21,327	1312,514,837,102,11
562	676,734,1335	899,1035,1195,941,235
563	1239,935,1001	512,192,1058,258,477
564	1087,1086,356	672,259,1252,1414,231
565	1196,1336,1123,1236	802,487,1416,606,810
566	853,629,312,31,687,1139	868,773,455,488,663
567	488,1121,1337	732,1190,1210,1036,1293
568	588,76,842,17	1152,573,1092,1285,742
569	442,805,170,826	354,1443,292,453,966
570	798,899,1058	1250,90,1222,1383,360
571	587,72,1334	576,704,1215,548,1129
572	18,1094,320	97,1224,968,204,108
573	336,848,67	418,1348,453,9,1135
574	904,733,909,1338,1111	899,100,676,549,744
575	185,1103,1152,1314,913,1154	930,867,612,517,1158
576	1312,711,1339	193,1251,326,1063,171
577	703,516,1243,1340	992,1346,707,262,1191
578	724,521,693,888,1038,1343	800,834,675,66,1029
579	135,135,695,137,391,153	1123,163,1383,681,1387
580	104,853,536,324,236,1108	672,1377,1285,966,487
581	204,945,1079	1348,37,265,107,652
582	27,339,24,439	740,1224,394,1326,655
583	389,928,252,1013,1305,858	256,771,1443,503,1190
584	986,195,524	800,163,902,202,747
585	204,885,1079,870,843	1024,1120,133,72,969
586	424,52,956,556,999,1084	1374,676,1028,1319,200
587	942,1058,13	577,1090,198,134,841
588	1161,809,147,133,670,1344	1218,965,806,359,1288
589	994,528,660	603,164,1159,552,247
590	1047,311,421	544,1313,1154,420,68
591	182,262,354	1217,514,1155,1381,455
592	667,986,1187	386,615,712,649,1258
593	693,842,723,1107	1024,741,586,172,684
594	523,814,1164,1199	576,966,934,1416,956
595	1047,424,872,557,355,359	421,1030,589,528,112
596	882,640,332	706,1283,514,3,260
597	853,190,702,357,1333,993	224,930,805,645,134
598	135,389,231,1043,233,1259	485,1030,264,1323,204
599	691,588,1187,1345	194,1126,1129,1262,400
600	980,1036,117,1180,1234,1346	227,964,484,1157,775
601	1274,1318,1303	481,706,1224,170,715
602	280,200,1155,1348	324,134,1446,104,1128
603	105,798,965,942,964,1313	97,482,3,1379,162
604	1330,1168,502	609,101,870,327,424
605	62,865,352	32,515,136,1449,1292
606	844,136,389,917,698,466	736,898,133,614,59
607	320,583,909	832,481,740,1317,1382
608	773,820,631,496,1294,914	896,1280,1411,326,1095
609	853,220,105,458,87,463	704,165,425,1259,876
610	270,494,1354,1077	1092,549,1252,487,264
611	521,1255,1164,1355	96,194,679,776,362
612	776,1097,699	417,291,131,836,38
613	539,773,113,911,1151,877	1379,387,38,1193,1066
614	57,463,659,640,993,698	1089,387,452,325,197
615	904,685,988,1101	1026,3,1187,326,328
616	853,710,1159,1295	928,708,134,1446,902
617	539,539,587,264,1089,985	966,1375,266,716,524
618	1285,847,1033	994,1187,644,359,712
619	1168,1044,1360,901	1282,547,1252,456,398
620	313,18,1328,758,1331,491	1219,1189,1190,1000,298
621	1034,1024,1361	448,1152,1219,965,40
622	251,1172,1235	69,869,678,648,265
623	499,751,865	708,389,39,104,746
624	292,659,1263	1312,321,712,298,299
625	844,817,498,18,607,17	1409,904,201,684,589
626	499,147,1116	129,196,1158,1415,1385
627	454,1010,1053,451,154,151	1472,1121,67,39,75
628	388,536,457,1318,1224	577,322,421,266,1196
629	657,557,548,1362,597	1445,651,620,829,543
630	119,1228,464,292,607,640	1024,929,738,706,1128
631	73,612,899,1274,1083	1379,901,166,1318,1067
632	61,979,1108,222,1364,1264	1121,996,292,101,1192
633	1059,654,1365	353,472,648,218,105
634	463,994,917,871,1130,698	961,292,197,166,102
635	570,463,400,944,636,1217	96,193,573,1028,38
636	627,1051,482	1026,866,997,677,519
637	746,747,602,1312	898,1123,293,615,1321
638	784,727,1218,113,905,1327	1285,486,1096,73,234
639	1366,1321,804	547,1188,503,70,616
640	587,1331,1334	1411,390,550,326,679
641	733,732,1220,1367,1368	482,1219,997,647,456
642	983,1110,532	417,1058,802,132,776
643	432,248,653,118	986,488,394,1326,378
644	668,926,927,1149,1173,434	1219,133,903,1224,1325
645	526,886,1302	1441,419,231,264,1225
646	917,698,1216,1371,1350,1370	835,678,647,648,392
647	777,1172,1354,1156	96,833,770,233,906
648	1130,1323,902,998,275,915	1153,991,997,440,714
649	844,458,324,636,958,1295	320,450,1090,197,141
650	853,784,929,873	1413,902,487,171,1101
651	536,335,25,604,56	100,166,936,779,1067
652	784,852,1372,855	672,160,486,679,999
653	780,251,340,28,339,400	259,196,644,197,679
654	52,980,945,500,543,1378	704,1120,707,356,101
655	817,458,569,989,1042,1181	225,1442,515,867,773
656	853,882,1009,499,686,1035	1414,1222,669,618,906
657	570,639,638	1408,3,583,202,268
658	882,251,686,569,1189,1010	1283,996,614,167,232
659	1009,292,928,778	992,865,226,963,804
660	190,1053,1172	802,444,390,742,1097
661	401,1283,961,1364	929,37,1098,107,1323
662	931,931,667,179,720,1380	480,705,1221,651,1131
663	615,552,1347	795,513,291,132,965
664	261,1180,845	227,742,935,1257,363
665	264,522,72,682	384,1185,1442,995,416
666	388,1161,348	448,737,226,1314,68
667	498,464,753,880,1211	289,1057,519,72,263
668	695,113,960	961,290,1026,772,1154
669	908,937,533,1092,934,849	1248,986,355,998,71
670	965,1184,1136	778,843,279,251,435
671	539,1196,1094,708,934	1186,868,1381,168,360
672	931,1383,1268	928,679,1196,878,847
673	668,1323,711	1091,679,935,1351,1291
674	985,1218,713,936	355,963,649,618,651
675	291,465,1229,1332	737,996,1061,454,1350
676	1047,569,640,917,1278,197	704,1027,776,9,107
677	576,1092,930,1097,1384	1350,775,1051,745,681
678	1385,1385,1385	417,517,1317,426,875
679	417,1172,989	962,612,4,1190,1319
680	194,1179,1175	705,418,836,325,1464
681	576,1179,1093,1239	706,452,1413,424,1227
682	720,948,1290,1386	385,68,165,1062,1196
683	1137,1184,1225	33,706,708,613,1445
684	1179,1383,1240,1336,1384	1120,33,514,483,1252
685	498,885,1161,95,865	579,167,938,779,618
686	244,917,617,807,1011,544	224,738,932,5,933
687	264,536,105,52,292,534	997,454,1351,873,937
688	1274,1083,1280,1034	1410,292,1311,230,552
689	809,478,650	1377,4,69,1350,1384
690	516,716,1255,1201,512	801,162,1349,520,715
691	427,1299,1290,1386,963	1281,705,867,424,1194
692	625,414,1011	704,513,133,137,15
693	536,1189,400,505,749,718	1153,1221,998,631,776
694	539,52,1155,213,974	1216,867,1412,680,589
695	251,324,503,414,390,591	288,2,7,202,1195
696	983,389,1214,815,613,237	256,1,1379,1412,170
697	498,154,563	802,198,1255,554,365
698	405,1105,1044,919,759	326,1030,552,425,122
699	204,61,869,417,698,1134	1024,708,1157,389,105
700	924,516,716,1285,948	899,484,1033,523,1068
701	403,1023,846,847,762,1190	33,36,933,1358,1327
702	57,357,1134	1441,806,1355,492,685
703	1089,908,194,1196,888,895	801,706,900,1189,1382
704	667,194,721,700,662	577,1090,747,462,1295
705	931,931,983,1059,924,623	161,769,130,515,382
706	79,79,531,1146	609,579,102,714,1260
707	1088,645,1073,1178	223,35,420,1221,871
708	701,71,1301	897,391,521,684,109
709	1250,518,1280	1440,738,579,681,875
710	516,716,1293,1284	1442,867,326,519,391
711	702,1083,611,1392	288,1219,773,453,363
712	931,931,255,524	0,583,1256,10,1355
713	931,681,1240,932,1098	544,1344,352,488,88
714	430,1029,836	257,130,1160,939,844
715	1163,794,797	516,1060,389,1099,812
716	1048,837,1393,1394	0,1282,486,679,1415
717	610,790,1016,1394	1408,995,4,742,1287
718	610,1016,1394	1157,743,747,1324,397
719	263,261,116,540	1028,582,554,1103,1391
720	195,777,210,397,709,1360	740,1029,1382,1092,40
721	928,1010,1159,1347	1057,386,581,1158,679
722	724,517,1333,73,1285,894	356,1413,550,1242,1356
723	199,1082,1028,850	1217,1098,1067,362,461
724	717,860,554,741,1395,1339	1216,737,546,704,166
725	1397,1398,1396	192,258,1378,1241,122
726	1067,523,963	1312,471,675,548,1028
727	1094,1039,1137	960,353,386,803,326
728	1026,1163,1162,794	1312,1250,898,486,1051
729	403,1218,1171	865,418,898,1124,1289
730	814,1091,932,1399	1024,258,1127,264,424
731	340,28,751	1442,802,196,102,8
732	464,1269,1106	804,389,677,1351,648
733	721,1243,1173	609,34,1058,1446,1031
734	1400,1400,1400	762,836,1253,1029,106
735	136,119,499,463,686,63	257,193,3,1316,1447
736	952,1401,1334	320,1441,994,613,70
737	1402,1402,1402	929,611,997,487,968
738	704,1403,1145	1218,581,1178,1386,1003
739	1292,1404,1386	96,257,1091,490,10
740	1383,722,743	1314,1347,646,807,8
741	701,1336,745,1207	1248,1219,1124,328,681
742	199,1405,831	865,710,711,70,392
743	681,703,1299	37,1292,77,462,1040
744	693,937,1406,1407	1377,961,1414,102,296
745	1289,47,1408	193,961,1283,675,262
746	1250,16,518,1281	897,611,931,6,394
747	995,1280,1297	26,548,1468,1350,714
748	667,313,522,947,72,1099	577,450,291,844,45
749	1017,1212,787	992,257,549,1062,1192
750	521,576,740,965,1274	1184,417,354,323,708
751	667,1179,429,1281,1401,50	608,355,1220,860,744
752	853,905,687	864,769,68,998,351
753	1409,1410,1411	647,137,1322,1131,556
754	931,534,1391,1380	1344,451,196,550,296
755	1026,884,1162,1266	32,1059,1126,1062,73
756	793,610,1412	993,898,99,929,454
757	1017,1014,1337	192,97,517,1381,552
758	1251,622,1361	514,484,136,138,727
759	1250,1272,1399	1220,644,228,326,167
760	1018,1048,1405	704,736,668,414,191
761	625,499,315	833,514,1282,398,1134
762	986,1328,1012	192,450,738,453,648
763	610,851,1413	1184,545,803,740,1192
764	983,1088,1414	1024,64,290,963,296
765	931,667,576,921	929,579,868,1161,42
766	705,1403,1415	1312,614,775,136,202
767	1108,942,556,973,1416	704,1346,355,1284,933
768	49,836,48	1410,356,1124,1223,743
769	882,989,412	961,867,644,1317,262
770	1089,1328,1184	673,678,582,967,473
771	1030,883,951	65,482,1379,1316,229
772	488,884,487,1048	33,386,900,1093,360
773	691,814,1110,1083	1249,676,260,838,1319
774	1222,527,1124	1152,1062,742,391,201
775	1026,1163,794	1056,898,1347,231,1224
776	884,1266,795	1281,354,257,744,875
777	1249,1170,1178	960,1218,803,1220,1092
778	388,928,137,391,359,1120	965,422,711,104,1063
779	695,601,63,636,419,171	641,516,6,1190,936
780	188,737,154,1069,530	514,963,324,8,447
781	813,46,529	259,580,419,999,250
782	179,691,403,180,948,1417	800,418,1412,637,1062
783	205,780,388,461,361,1228	448,930,675,36,999
784	205,162,248,782	1410,550,200,1128,173
785	205,148,503,374,440	1280,1090,1026,232,330
786	136,149,945,957,241,755	1472,103,939,908,813
787	876,666,129,128	385,834,762,165,741
788	809,653,769	746,426,1034,112,273
789	986,657,45,607,1161,557	672,37,69,1221,104
790	127,485,486,1302,1142	896,673,1187,1123,549
791	205,63,876,420	352,833,1378,1379,66
792	23,780,361,220,2,503	610,995,932,931,1350
793	996,738,208	672,34,454,554,267
794	23,25,316,150,1230,1295	288,1219,260,1317,1350
795	45,813,1193	1088,1378,707,1309,1288
796	68,421,298,875,475,11	1088,1089,544,1431,836
797	205,205,52,616,1180,1416	576,65,994,1441,1409
798	519,1083,1240,1197,1177	350,1028,1002,811,650
799	986,571,1219,425,663	418,1348,773,838,1445
800	780,388,983,587,280,577	1153,803,612,742,1288
801	125,545,425,579	32,610,131,1350,903
802	246,536,204,309,885,657	1312,162,1124,615,935
803	882,498,139,657,138,865	1216,738,483,932,408
804	625,464,45,979,394,42	32,324,1061,70,584
805	313,26,73,904,993,744	608,325,1255,1320,424
806	775,910,140	1216,1027,1252,1097,234
807	751,1371,550,1011,1425,1350	700,1219,4,1190,1032
808	9,507,579	1316,327,487,1178,682
809	882,119,459,766,355,990	1248,101,1287,1449,942
810	488,31,462,350,1426	802,1413,134,647,688
811	424,546,171,477,305,783	992,1251,964,669,776
812	324,944,417,722,58,1288	1344,392,765,1450,1356
813	667,246,775,65,493,255	737,1095,296,682,1259
814	536,657,616,1214,546,1054	1345,1377,1415,873,42
815	312,805,1427	641,259,584,490,330
816	340,454,364,331,470,162	899,163,231,1194,523
817	336,583,160,1116	448,450,1026,647,552
818	23,51,639,31,124,401	900,1382,874,461,1232
819	695,740,1036,1366,685,428	1342,321,995,167,615
820	205,485,1427	1089,1154,1368,711,1066
821	1228,52,503,274,616,54	1188,806,1129,11,908
822	853,263,683,212	512,963,69,614,743
823	986,952,250	1184,1216,962,642,1133
824	484,302,425,658	1377,97,1348,69,677
825	1054,953,106,901	161,292,383,778,1389
826	135,232,90,230,176	1153,449,1283,388,644
827	26,675,44	992,1315,835,803,840
828	9,546,526,823,1426	640,34,995,4,451
829	136,773,66,127,612,1091	1282,1222,907,1133,1328
830	246,57,337,775,825,773	612,484,582,908,1292
831	822,230,432,328,631,1181	1346,1059,1092,967,199
832	324,822,439,710,715,435	1444,4,637,967,905
833	424,983,139,65,355,809	416,1284,966,1415,170
834	205,105,137,153,363	960,449,387,869,231
835	54,183,128,572	1350,873,906,555,586
836	391,125,10,1221,144,1241	866,388,809,1194,106
837	139,777,62,876,660,247	160,1247,803,771,804
838	499,59,561,10,1125	1410,678,102,586,110
839	73,594,636,571,10,660	834,1050,1157,359,1386
840	9,580,300	608,737,898,1185,577
841	587,817,944,53,798,110	0,449,481,1125,486
842	825,926,803	709,359,680,1193,841
843	926,927,215	389,454,326,776,327
844	822,263,248,678,754,372	641,1409,515,1189,1224
845	536,775,994,30,414,678	481,1250,1251,580,165
846	536,680,579,1071	547,259,1285,230,105
847	639,528,405,448,1245,684	1185,674,195,932,387
848	657,128,1357,646,764	736,872,876,1390,976
849	41,127,123,485,398,680	33,162,809,204,28
850	136,394,470,1032,679,46	1088,385,834,803,295
851	805,290,273	1342,1090,414,584,1387
852	205,27,424,59,256,904	64,613,933,327,620
853	388,733,1367	128,963,1157,38,871
854	522,436,997,1433	992,1153,931,1063,1095
855	856,147,1366,132	407,609,131,1318,1257
856	930,1021,1256,1434,1225	1155,1381,230,936,137
857	492,71,1323,590	352,1,291,772,899
858	82,602,584	866,163,1063,1288,1131
859	189,733,672,529,1338	1283,503,631,1291,525
860	27,105,458,182,442,1087	483,1062,615,234,1258
861	536,280,26,775,454,453	1187,196,741,838,167
862	1228,638,1276	1412,38,518,521,588
863	41,737,805,426	807,1290,716,1164,239
864	205,424,363,41	870,262,583,393,491
865	454,562,70,448,36,42	3,675,620,45,654
866	1436,1437,1438	801,34,1251,390,810
867	986,195,895	160,610,6,968,235
868	793,1030,1014	705,1090,387,869,871
869	1067,1301,1284	416,193,1217,1316,1349
870	947,1177,645,1404,847	1280,481,737,964,1156
871	1236,1022,1439,692	1381,453,165,457,778
872	252,1049,1092,513	673,295,296,168,1034
873	1076,1323,1118	1472,993,1282,167,138
874	721,1110,1342,1418	833,1314,1349,9,203
875	1438,1437,1436	675,228,197,707,836
876	931,1201,611	352,1219,68,294,775
877	642,1129,886	545,1314,483,827,1189
878	667,1274,1292	640,1091,1412,453,1446
879	389,244,362	390,231,455,681,457
880	629,219,1356	544,481,164,1400,1112
881	271,996,1049,860,1322,268	33,1125,709,326,199
882	780,461,98,1118	994,773,1157,1003,111
883	931,700,429	898,676,1063,842,269
884	1400,1400,1400	256,675,36,581,805
885	681,1240,1007,1292,1365	580,581,1095,1256,553
886	1243,682,925,841	162,1351,44,205,1325
887	993,177,541,1346	868,392,233,9,1388
888	1250,518,576,1243,1021,1297	960,289,1088,96,931
889	1336,757,645,1440	1411,485,745,426,746
890	1373,1418,1348,1420,1389	416,33,1347,483,579
891	1026,1162,1163	32,161,355,36,1443
892	1441,1442,1443	1088,577,1445,1127,1227
893	146,495,684	162,2,933,298,138
894	586,814,705,700	613,775,327,746,1324
895	195,825,908,724,355,432	961,901,871,776,201
896	1026,1162,1163	805,457,458,302,79
897	790,1016,851	832,1410,1123,741,998
898	1015,1030,1029	1440,198,425,10,235
899	1444,1444,1444	35,869,104,1242,1067
900	726,846,269	1185,995,391,1064,1033
901	1441,1445,1442,1443	1252,869,133,1160,140
902	1446,1447,1448,1449	900,619,1131,1003,912
903	625,872,766,917,871,990	260,1447,1192,1322,1194
904	667,1355,50,1415	1380,1254,392,1033,936
905	1214,368,896	1089,483,1157,807,489
906	1047,844,817,26,137,77	576,161,834,704,196
907	361,668,904,663,1167,1111	1345,67,966,1030,829
908	695,885,115	1058,644,580,812,1359
909	616,751,307,858	481,772,1029,263,1416
910	498,9,994,364,359,1283	644,933,1318,1322,172
911	105,200,1243,815,1096,268	1442,259,1122,1159,1226
912	931,27,1047,355,957,808	325,1415,73,1258,1003
913	773,798,10,390,526,67	1122,294,935,1354,747
914	250,40,296,801,875	584,41,489,1260,977
915	539,908,534,693,271,465	1377,193,419,932,1061
916	1018,430,1029,791	451,1285,797,299,13
917	459,928,244,453,867,726	795,1218,964,197,1288
918	246,309,369,470,248,1043	321,1378,195,995,1158
919	1283,1336,650	225,161,1155,260,1031
920	724,722,1256	195,196,133,901,263
921	625,872,1130,990,846,411	865,1217,289,1157,778
922	1047,329,28,657,357,979	897,1318,263,839,713
923	40,929,916,1395	672,422,328,680,1291
924	309,166,1189,952,809,113	1221,294,358,648,1222
925	587,139,499,262,75	163,580,963,1319,967
926	204,979,872,417,1278,563	130,711,1129,971,908
927	43,201,811	545,1093,1319,1160,136
928	313,251,72,956,691,283	516,1221,229,1193,588
929	88,1129,1165,1420	932,229,1311,265,1132
930	681,525,623,1451	482,643,614,519,746
931	947,1175,719	191,933,1094,395,588
932	1250,518,1122,1291	872,1224,938,234,364
933	776,744,948,1280,1404	608,1153,1410,706,103
934	1383,266,934	640,609,610,967,712
935	931,1452,1207	128,1122,1091,996,683
936	1161,990,618,735	480,484,1222,295,106
937	1059,1262,1023	1121,1318,1224,329,1131
938	701,622,1403,1170	1056,289,675,644,39
939	818,206,402,661	672,452,836,393,362
940	65,262,201	159,354,451,293,134
941	983,622,1261,1019	705,545,1092,358,457
942	1005,1005,1066	482,259,452,1158,1094
943	1014,767,1289	1095,1226,587,427,396
944	793,1018,1027,1081	1121,454,8,1128,395
945	136,503,615,1324	1313,290,451,293,902
946	1161,359,363,580,252,54	801,1442,641,1284,1252
947	487,1405,1408	962,259,358,359,1064
948	844,136,417,306,1370	512,4,265,9,395
949	931,931,1298	1089,1336,421,7,1194
950	179,1262,1107	577,5,1225,1162,524
951	339,24,228,150,151,1423	608,34,1124,1092,1223
952	667,534,693,255,1209,1197	5,807,1001,170,1130
953	1237,1330,1407	707,652,589,44,111
954	623,1213,1451	739,646,1305,1193,447
955	1038,1401,1298,1199	1305,1415,860,622,462
956	1328,533,1294	642,805,1190,744,1417
957	853,400,1108,1130,698,508	1281,1185,771,1379,901
958	846,266,1055,1428	1410,643,972,461,623
959	848,727,1097	768,488,1320,1100,1165
960	77,895,1331,1197,964	961,289,264,1161,14
961	1059,725,714,1451	643,1258,1355,362,558
962	706,1355,1440	768,673,96,1059,708
963	1047,702,586,1258,517,1333	960,161,801,611,708
964	884,790,1015	35,488,1130,144,1168
965	908,934,1343,964,1440,1171	2,541,517,1189,871
966	733,387,732,1423,1367,92	1472,193,321,1379,197
967	539,313,1213	160,1313,834,581,1413
968	1059,814,1404	320,1280,1185,165,1034
969	1108,1227,1327	291,255,1125,1034,1100
970	1037,1261,1136	544,1431,1254,555,1357
971	30,1305,718	480,1374,1250,1254,969
972	1017,840,1212	1345,1090,354,1031,360
973	947,700,1206	674,1347,4,1317,518
974	517,521,1093,930	928,388,324,36,295
975	1037,1194,1345	706,866,999,975,49
976	525,654,1451	449,964,1189,329,1322
977	937,1341,915	324,101,1157,583,967
978	1047,853,281	448,932,965,165,1223
979	179,429,1170	130,964,1032,362,12
980	983,724,1328	417,611,1254,73,717
981	931,1258,899	1344,579,1290,748,1037
982	995,1034,427,1292	929,517,838,583,555
983	539,1250,1067,1328,1093,520	641,1061,1221,1286,1417
984	931,931,931,702,1250,518	257,67,869,41,876
985	220,329,336,748,440,1135	1283,195,260,133,1414
986	1067,1262,1345,1439	485,1382,408,1193,522
987	587,1366,715,966	640,547,451,762,1000
988	459,1189,407,919	132,356,519,808,1193
989	1067,586,1262	704,67,420,451,1321
990	264,1258,985	707,1064,681,139,1451
991	931,1088,814,1137	800,1380,836,998,263
992	1089,1196,1342,1455	160,487,519,393,391
993	1243,1240,1301	672,993,258,512,676
994	681,1073,1299,1365	929,1092,900,1094,361
995	924,517,1020	1442,1347,644,1092,327
996	587,403,1187	1441,994,1316,453,391
997	639,526,425,649	318,1185,98,741,742
998	625,262,128,835	1249,1121,997,965,423
999	340,90,339,231,737,143	1380,133,294,1316,324
1000	264,577,489,1164,1197,75	1184,996,328,104,204
1001	986,519,723,144	546,259,709,230,935
1002	104,780,882,1333,580,746	1088,1024,902,1293,429
1003	539,521,856,1092,1391,707	352,643,200,393,1326
1004	199,1405,1082	1123,6,1415,1193,810
1005	1009,389,569,872,917,867	642,1417,1003,491,846
1006	27,388,361,57,766,355	385,1314,609,356,870
1007	461,57,459,1009,389,244	1411,1284,68,1094,1191
1008	127,485,675,918	839,1032,472,458,1163
1009	166,61,90,274,771,184	1088,1283,1347,776,142
1010	539,179,264,1067,523,1179	1280,1249,106,907,1291
1011	253,676,316	736,99,392,41,1098
1012	27,780,536,329,337,1089	224,1280,194,802,1445
1013	472,652,384,383,382	1472,737,485,902,1127
1014	179,264,288,1152,1414,1272	1088,384,515,1187,742
1015	681,1343,1311	1089,385,578,1154,875
1016	250,394,484,680	128,450,803,1314,684
1017	737,545,1366	1121,1059,4,809,746
1018	57,364,110,1129,1242	931,836,261,710,1198
1019	1026,1162,794	1280,704,290,454,423
1020	179,1383,645	992,67,837,1254,1037
1021	1049,860,1008	128,196,484,6,199
1022	1122,1149,1055,1012	322,312,1156,186,1161
1023	79,857,1415	193,260,843,1195,817
1024	424,1087,1086	291,1124,1061,1415,271
1025	1448,1447,1446,1449	98,1062,457,716,590
1026	776,1240,1336	576,33,1186,1414,295
1027	1017,1121,787,1412	1186,900,171,492,848
1028	931,1383,1098	837,299,1451,1069,47
1029	217,1161,274,505,868,820	384,1057,1092,1285,358
1030	947,71,79	961,1251,1030,1288,574
1031	744,995,1399,1001	162,1155,386,963,1063
1032	292,325,859,1369	576,1313,672,199,72
1033	1047,844,424,994,698,1130	770,328,777,522,1162
1034	846,1188,742,1382	960,258,104,1385,172
1035	793,792,839	227,358,616,11,235
1036	1017,840,839	737,66,547,43,203
1037	493,648,900,169	932,612,517,454,935
1038	539,1047,461,1228,459,389	1059,1157,1255,968,456
1039	361,498,625,148,499,751	1058,1318,1447,1194,490
1040	205,135,135,232,659,355	1312,449,34,642,260
1041	844,136,119,458,569,766	89,1026,515,1122,613
1042	737,876,803	545,610,1032,1418,747
1043	340,148,657,31,84,988	768,224,833,1057,1287
1044	389,317,830	132,996,1029,839,1092
1045	179,725,720,71,1440,1208	1057,541,1093,998,422
1046	204,61,291,256,307,283	66,1030,745,748,397
1047	536,329,251,52,924,24	640,772,776,1352,648
1048	179,523,182,691,84,600	65,513,259,1316,1092
1049	28,602,911,103	1409,483,134,295,425
1050	179,71,1208	1124,1254,103,1321,906
1051	667,1386,743	192,1057,1408,611,967
1052	1094,1218,713	228,645,166,71,1224
1053	493,648,375,1423,157,370	162,643,932,1124,7
1054	388,882,461,291,1258,1333	1377,99,195,1255,1290
1055	1088,705,1201,1290,1392	897,516,773,742,555
1056	1268,1391,1343	193,930,1189,1223,72
1057	610,790,1016	32,161,802,1125,1416
1058	246,479,317,245	1248,1410,4,484,1128
1059	312,376,761,923,984,446	704,578,707,134,935
1060	1463,1464,1465	1441,1346,354,1285,295
1061	136,825,125,526	736,1314,1155,387,518
1062	625,65,302,538,1025	547,1092,997,1316,615
1063	740,1219,1330,1414	897,450,867,545,1082
1064	776,1073,1399,1194	1444,328,1289,270,1042
1065	983,760,1317,173	1185,770,836,42,155
1066	76,725,723,1261,715,1455	1410,35,551,487,1323
1067	488,1408,47	257,707,1380,1063,136
1068	1047,309,340,253,244,51	65,577,1188,1317,1189
1069	194,1083,706	1059,164,1062,1354,1324
1070	1397,1398,1396,1466	640,1312,518,1095,329
1071	1383,1092,1236	576,1056,612,1319,520
1072	251,942,1388,1367	448,806,839,264,265
1073	931,612,1023,757,1177	1344,65,1251,452,4
1074	1047,488,944,980,955,116	1026,4,614,1418,874
1075	1189,1217,1177	641,1156,1190,1095,811
1076	1441,1445,1443	1344,577,1222,871,1351
1077	1463,1465,1464	1431,898,162,1220,1092
1078	194,705,706,1384	1056,866,1060,485,1445
1079	884,1082,831	864,1285,553,106,683
1080	667,667,700	1440,769,2,1345,1251
1081	180,520,1021	420,516,583,1256,393
1082	195,1067,1262,1342	672,1092,1096,9,682
1083	771,563,903	896,803,100,1381,902
1084	414,1205,1264,1372	704,1247,547,1416,42
1085	720,1280,1384	1472,161,674,131,1125
1086	744,512,1403	1218,3,1347,1350,359
1087	264,1258,1333	289,769,1323,588,877
1088	947,1067,888,1039	1342,582,687,656,785
1089	1179,531,515,704	995,1348,553,394,1386
1090	533,1201,1197,1309	480,388,230,169,1100
1091	790,1413,1393	512,931,1062,873,875
1092	940,940,940	768,193,1156,902,327
1093	1447,1448,1446,1449	768,65,2,68,1414
1094	1463,1464,1465	613,1158,295,106,523
1095	204,505,1282,1421	1378,452,516,393,1001
1096	488,43,1427	1057,1126,1448,1416,1115
1097	979,777,615,478,750	225,897,867,1124,1059
1098	737,805,833,423	545,610,1221,1029,1325
1099	986,72,708,1283,1099	1376,2,579,164,1381
1100	23,23,1228,26,26,274	640,1411,1157,135,169
1101	27,340,148,336,339,1161	1219,1444,1349,550,103
1102	195,1196,1094,1391	999,745,202,1292,429
1103	926,580,82,842,927,78	160,673,1252,357,1383
1104	119,659,777,84,110,732	1122,3,1094,871,679
1105	264,575,317,415	226,611,386,70,1433
1106	539,461,280,459,337,979	1376,1184,261,134,774
1107	27,983,587,461,280,570	386,1443,485,294,1062
1108	105,190,90,52,616,636	609,738,642,1318,649
1109	205,205,394,483,1322	610,1410,1444,90,1094
1110	454,666,501,341	8,844,654,815,1327
1111	748,411,550,606,353	705,546,1091,293,1317
1112	702,1092,1091,319	162,547,452,293,195
1113	312,575,737	672,1345,931,1348,967
1114	780,459,594,749,86,1351	1123,1220,484,838,295
1115	689,619,953,321,1277,1304	5,614,712,1067,1167
1116	885,944,252,457,508,492	320,1444,902,1164,816
1117	194,1328,848,716,1037,429	1377,1188,1158,681,1257
1118	594,726,1139,1192,1257	928,97,1185,1060,167
1119	23,1228,165,235,600,747	385,1410,581,805,1319
1120	924,1122,932	1376,681,779,877,142
1121	996,1268,1248,1098,1380,1434	193,1317,325,646,1255
1122	251,324,252,504,225,1105	929,931,1209,38,1064
1123	928,686,265,1456,696	1091,1470,328,1421,238
1124	361,220,629,24,359,856	1024,576,258,740,1061
1125	609,1467,1468	320,576,898,611,1321
1126	668,1325,422	1184,420,1382,967,1128
1127	1469,1469,1469	707,228,805,103,552
1128	1053,760,664	547,163,550,1191,75
1129	557,734,1435	226,360,682,206,175
1130	139,65,356,561,756	69,264,75,44,910
1131	166,82,442,288	1024,865,645,550,458
1132	695,511,115	964,679,1096,683,908
1133	488,610,838	641,1314,966,39,1128
1134	72,1268,1391	706,859,328,10,463
1135	609,1468,1470	356,1242,491,939,107
1136	609,1467,1468,1470	288,737,544,104,489
1137	1471,1471,1471	1123,932,90,1257,458
1138	793,1018,1014	353,869,1063,424,1416
1139	790,487,1413,1393	897,418,130,260,135
1140	786,1266,789	132,325,1065,106,1226
1141	900,485,800,823	1059,104,681,1066,1099
1142	27,246,993,70,507,1078	0,834,1093,105,235
1143	786,796,1265	1120,66,899,1410,1381
1144	461,280,640,871,1087,1086	1336,932,1093,838,199
1145	361,899,326,171,592	1183,514,611,1093,261
1146	461,337,291,569,453,867	964,4,133,806,584
1147	586,1383,180,519,520,894	5,510,776,137,425
1148	464,59,271,442,1214,478	192,768,514,738,772
1149	523,1214,307,30,798,162	774,775,424,1353,458
1150	453,41,1309	449,1251,388,281,1146
1151	329,980,147,227,583,772	545,482,611,98,421
1152	931,986,937,703,707,1434	509,805,933,1189,840
1153	18,825,952,1366,925,1251	1316,1400,42,203,1166
1154	809,318,738,606	96,674,548,1448,906
1155	195,947,814,888,895,707	544,546,39,1097,11
1156	119,659,669,500	545,130,134,938,716
1157	27,817,232,220,454,336	1282,772,200,1164,1293
1158	1094,1187,1283,319,1247	577,33,69,1286,967
1159	104,182,1120,84,941,1423	226,891,708,261,1182
1160	337,777,110,193,221,1287	58,552,841,1450,42
1161	296,900,808,800	547,1191,1161,1033,1261
1162	980,604,1356,1235	960,672,1216,708,8
1163	806,411,720,765	1185,1414,774,218,330
1164	817,220,499,190,454,182	513,1026,963,66,1354
1165	290,1322,768	480,705,1059,1380,550
1166	784,493,376,387,317,612	737,993,453,1095,328
1167	104,190,28,87,773,51	1088,609,674,513,4
1168	924,180,628,899,1218,1285	64,962,610,1349,359
1169	363,733,748	195,387,263,1095,839
1170	693,1023,682,1298,1315	192,1034,43,1356,715
1171	667,539,18,522,1258,523	1376,481,1125,1289,361
1172	135,105,721,678,959,1126	1024,993,1216,260,582
1173	53,288,54,493,728,121	130,1125,518,999,1288
1174	1059,1088,524,1343,1452	419,805,581,389,840
1175	390,555,347	417,322,541,453,39
1176	882,1228,570,309,61,464	896,1,233,1066,939
1177	780,1228,459,1009,686,453	1443,229,70,678,904
1178	844,326,699,191	1056,1463,1252,582,38
1179	136,817,629,814,122,815	1091,452,324,902,1387
1180	825,182,255,532,1146	192,1382,1254,1033,123
1181	135,1089,1214,236,54,1109	97,356,327,8,649
1182	182,1219,748,735,3,203	450,290,900,389,741
1183	45,127,126,486,15	1440,1409,998,1031,423
1184	403,723,1218,1021,1251,1414	1285,326,90,1288,1385
1185	780,424,459,204,309,61	934,743,860,298,492
1186	1268,1107,1406	1317,1129,1419,1084,144
1187	1036,717,325,934,80,1147	640,1219,899,1189,38
1188	689,1320,1144	129,504,169,1069,910
1189	703,716,1452,1141	354,326,550,1193,1163
1190	871,432,41,888,502,903	1344,736,549,709,262
1191	166,577,701,580,1219,1168	1123,420,740,995,520
1192	90,601,1120,1168,732,335	800,450,1252,837,1223
1193	702,586,691,1120,725,1093	608,930,197,647,360
1194	1047,195,61,154,456,981	288,544,482,1376,1412
1195	1189,820,653,1314,756,1422	353,66,549,645,7
1196	1228,65,723	577,257,1379,420,643
1197	23,424,364,689,465,432	576,320,738,517,298
1198	619,506,301	896,636,1059,69,202
1199	924,516,519,71,1146,1261	513,225,196,1286,823
1200	885,686,463,256,669,1006	288,225,1379,1380,1061
1201	629,952,927,1237,527	1059,549,551,330,939
1202	51,1187,501,613,709	193,449,1315,69,38
1203	104,844,309,337,557,956	708,164,1284,102,39
1204	1219,288,813	385,471,1059,1220,869
1205	136,817,340,148,339,607	1280,353,867,292,1061
1206	659,640,1343	864,548,37,1382,1356
1207	270,976,600,1434,769	1409,1468,840,364,1229
1208	291,869,1286	32,65,930,0,1413
1209	264,577,1067,586,1258,534	481,705,259,740,581
1210	251,263,504,910,1388,1458	1345,582,574,1225,1386
1211	1036,116,558,203,476,879	5,582,391,8,169
1212	1189,479,575,651	448,1345,1380,933,1065
1213	190,872,601,54,841	933,1318,553,1226,105
1214	667,952,1032	795,1183,1090,1316,1446
1215	205,562,419	1376,1217,1090,195,390
1216	104,928,292,271,958,552	1316,904,186,526,1135
1217	309,891,1460,774	1024,322,678,1287,1192
1218	931,983,1059,1256	67,835,1412,776,74
1219	539,264,1089,1067,1258,1333	545,1348,1222,43,431
1220	844,570,309,625,292,453	1152,1026,130,967,1391
1221	104,1214,615,1172,1013,495	672,709,1032,392,1160
1222	424,361,274,990,556,981	1376,98,1098,747,652
1223	119,1010,871,259,261,556	64,478,454,486,138
1224	668,1219,1221,1322,1128,907	512,161,1120,996,37
1225	931,1060,1106	480,1095,1064,935,810
1226	667,1120,571	1216,33,32,196,1444
1227	307,546,810	195,357,230,1385,1450
1228	76,618,1321	1185,835,68,963,483
1229	949,321,672	1376,356,422,230,296
1230	251,528,819,1222	800,418,1406,1092,1157
1231	252,1010,228,1331,1323,914	768,291,1253,1126,134
1232	45,43,830	993,641,611,388,163
1233	724,194,1184,1414,1293	322,1158,647,711,1097
1234	16,1196,948,707	291,581,714,429,590
1235	986,985,1309,1100	448,36,229,518,842
1236	539,179,681,1088,776,721	1,674,1315,164,486
1237	503,869,149,289,975,1372	1152,898,1251,868,836
1238	72,1380,1434,1320	320,1154,841,1450,619
1239	104,809,248,335,664	546,1155,573,265,973
1240	853,309,340,291,607,1161	1058,579,1252,741,806
1241	1258,1333,895,1209	986,420,1412,1382,510
1242	931,931,577,1391	992,961,1122,227,1029
1243	952,73,740,723	33,993,451,195,549
1244	1465,1464,1463	64,1345,770,1378,1025
1245	1438,1437,1436	512,705,192,99,675
1246	1436,1437,1438	1024,1368,452,260,907
1247	1441,1445,1442	3,582,1256,1353,649
1248	639,31,124,401,162,545	418,35,1027,136,1453
1249	609,1468,1467	1153,259,1187,649,1035
1250	1397,1398,1396,1466	1154,1059,579,1255,647
1251	1397,1398,1466	1187,1155,319,1446,1259
1252	1397,1398,1396,1466	384,1152,1189,711,186
1253	1397,1398,1396,1466	291,1220,293,1129,1323
1254	609,1467,1470	960,321,2,1320,329
1255	1410,1409,1411	865,129,1058,996,711
1256	931,27,1047,355,957,1432	896,385,644,295,1416
1257	139,182,125,996,356,295	386,1060,6,39,904
1258	1409,1410,1411	1063,968,967,586,1131
1259	1253,1253,1253	576,416,1153,1088,772
1260	1437,1436,1438	1440,258,1058,1411,995
1261	1409,1410,1411	704,802,231,1160,874
1262	1436,1437,1438	609,1154,835,420,551
1263	1409,1410,1411	636,1346,70,806,103
1264	1410,1409,1411	897,706,1217,741,1224
1265	1472,1472,1472	128,159,163,134,166
