item_id	user_id	timestamp
0	56	1621346359769
0	16	1621894083603
0	65	1623685953622
0	0	1627391044559
0	111	1628864954140
0	81	1635459121478
0	122	1639396471514
1	16	1617751521927
1	40	1618074273765
1	7	1618154434194
1	241	1621119973981
1	0	1621184430697
1	116	1625799822948
2	211	1615291713904
2	93	1615921592486
2	103	1615946662125
2	37	1616470171498
2	83	1618814692392
2	53	1619485994612
2	0	1619737501209
2	126	1621773313724
2	21	1626437707345
2	165	1626791418518
3	6	1612994678917
3	167	1613785938145
3	3	1614036953464
3	39	1614364761422
3	0	1617904219785
4	68	1594592459172
4	4	1594595776808
4	34	1594652885916
4	26	1595375189096
4	0	1596473351088
5	16	1592008463971
5	11	1592146223099
5	4	1592174821054
5	15	1592227566376
5	0	1593352422858
5	50	1597680119599
6	2	1544671031249
6	183	1544826794076
6	15	1545168972059
6	215	1545397523659
6	0	1547589356557
6	194	1559848280955
6	182	1581953868154
7	108	1658464087456
7	87	1660334831286
7	1	1660417672640
7	130	1663867791101
7	144	1663944990087
8	165	1595772886585
8	250	1595828909806
8	224	1595869470525
8	11	1596026312471
8	10	1596124000250
8	34	1596220190360
8	166	1596565300292
8	21	1598961115654
8	68	1621905953427
8	224	1622823883780
8	176	1622936108932
8	46	1623097992889
8	231	1623108055762
8	32	1623113107782
8	1	1623188037011
9	233	1609283590616
9	16	1609459936187
9	30	1609630380490
9	40	1609698718034
9	65	1610004162259
9	1	1610133666100
9	220	1611982089300
9	81	1614683512060
9	203	1615942211573
9	11	1623767406253
10	166	1607634863144
10	1	1607744901734
10	115	1607987199867
10	13	1608010478649
10	105	1613754357401
11	224	1605472767280
11	171	1605573040979
11	19	1605667103655
11	190	1605705645693
11	1	1605814409168
11	1	1605885919061
11	224	1606143534865
11	87	1606165420610
11	34	1606578853404
11	193	1607231355435
11	81	1607935919725
11	27	1608461791964
12	225	1597578588953
12	1	1597942744359
12	189	1598084062304
12	239	1598223039405
12	208	1598469032864
12	211	1598928506016
12	40	1599343751672
12	116	1599746839441
12	188	1600347078391
12	93	1601499038084
12	228	1602993546225
12	109	1603220967018
12	102	1608447867454
13	40	1596293750452
13	81	1596343075225
13	34	1596502619036
13	150	1596504758970
13	243	1596820468916
13	111	1597526184995
13	1	1597526701753
13	199	1598364680718
14	42	1591829861586
14	237	1592107795413
14	1	1593043740906
14	185	1593122827080
14	41	1594324006442
14	49	1594835672084
14	64	1595431866718
14	214	1595686567246
15	57	1591648740040
15	10	1591874117611
15	1	1591977214185
15	176	1592013186706
15	260	1592013186706
15	179	1592170044350
15	218	1592490290849
16	11	1584971784304
16	1	1585261263214
16	68	1585529091597
16	162	1587213604858
16	15	1587674511800
17	257	1583793255610
17	1	1583932042329
17	52	1583952118954
17	250	1583963919701
17	169	1584235236575
17	43	1584424934577
18	191	1580994151822
18	11	1581120030923
18	241	1581557053114
18	1	1581772960365
18	225	1581992104379
18	78	1584329434277
19	1	1580742144072
19	39	1580763310383
19	224	1580930054898
19	217	1581012877697
19	11	1581119592888
19	162	1582036879842
19	25	1583195563348
19	32	1609559561359
20	5	1577144708939
20	10	1577153617349
20	1	1578928089878
20	11	1579807307028
20	16	1580931456931
20	45	1582690559021
21	191	1542892259772
21	170	1543181505796
21	1	1550588697518
21	39	1552503245392
21	34	1562590851425
22	16	1541364054761
22	1	1541942181487
22	187	1541959256390
22	178	1542042771995
22	34	1542306619063
23	2	1618934798418
23	227	1619426590879
23	53	1619484702771
23	223	1619916033214
23	176	1620666096518
23	62	1620837639887
23	6	1620932469461
23	243	1622262844869
23	107	1622837956115
24	2	1617909095488
24	156	1619218885481
24	63	1619228810466
24	177	1619389819189
24	17	1619720272078
24	220	1620414476481
24	229	1621344083607
24	21	1627562626680
24	136	1635182153619
25	62	1615382639112
25	184	1615845588672
25	167	1615930874057
25	2	1616954539796
25	216	1617149644280
25	63	1617385843988
25	162	1618347238636
26	247	1616017202979
26	177	1616390213492
26	2	1616457223039
26	202	1616462054080
26	100	1618777864965
27	84	1613753146957
27	255	1613853799469
27	18	1614985087156
27	138	1615029409626
27	2	1615701950469
27	30	1616360432299
28	79	1608816646552
28	208	1608848163110
28	209	1608937090209
28	84	1609108287714
28	2	1609182507469
28	142	1609562764605
28	48	1610226434922
28	179	1610660623324
29	236	1606530811893
29	77	1606752383622
29	164	1606798220847
29	2	1606878884208
29	188	1607525948399
29	98	1615049749897
30	62	1605736873530
30	243	1605932609418
30	69	1605993165431
30	2	1606103453308
30	239	1606342084991
30	6	1607202914733
30	11	1608657012284
30	37	1609415095648
30	100	1609548446478
30	76	1611343918148
31	219	1604545336317
31	2	1604762653089
31	67	1605036425361
31	107	1605390263959
31	103	1605645054280
31	244	1605905838076
31	210	1605973716644
31	248	1607136467127
31	159	1607533269651
31	52	1607711254876
31	249	1609689366785
31	98	1613416958396
32	179	1598306750302
32	28	1598364239430
32	167	1598552035484
32	2	1598591443230
32	11	1598750420635
32	115	1599766693769
32	219	1600100960642
33	30	1594092314717
33	6	1594613631750
33	2	1594848248797
33	76	1595200816190
33	214	1595692418822
33	45	1595786161017
33	160	1596151466643
33	21	1597749012656
34	180	1584557939354
34	68	1585011412460
34	2	1585080133476
34	26	1585866732769
34	173	1596566311696
34	32	1623337363239
35	4	1555689209017
35	178	1555780646426
35	7	1555785204360
35	12	1556048625580
35	3	1556243557316
35	2	1556652791507
36	171	1653325144497
36	3	1653607216628
36	6	1654910784744
36	183	1656279980150
36	76	1658460787810
37	3	1647381362768
37	108	1647491904240
37	82	1649952052883
37	241	1651677002825
37	90	1657963833435
37	212	1657963833435
38	81	1645762951688
38	3	1647121848816
38	77	1647612617039
38	193	1647614679637
38	130	1650839964770
39	82	1638397232966
39	179	1638483479636
39	61	1638657037315
39	57	1638731069785
39	3	1638840554514
39	34	1639759173217
39	243	1642926888211
40	3	1631367075148
40	168	1631475863983
40	63	1631799671368
40	167	1631819432922
40	119	1633805159681
40	49	1635606785768
40	51	1635873265775
41	226	1624496395044
41	69	1624933586752
41	243	1624948885707
41	3	1625006698955
41	42	1625069103303
41	218	1625788963231
41	221	1627757097231
41	199	1638844117311
42	3	1624659702420
42	81	1624917504077
42	18	1625234528278
42	129	1625948940671
42	223	1634937311829
43	3	1624274497670
43	63	1625793119008
43	89	1626097230963
43	93	1626465531580
43	23	1626746723600
43	141	1626813268520
43	168	1637765969845
43	243	1653834856626
44	66	1622333668139
44	244	1622429722371
44	59	1622602289801
44	3	1623116811042
44	26	1623178522245
44	210	1623410256149
44	229	1623945385178
44	27	1624289267108
44	205	1624320369577
44	23	1626509379249
45	134	1620090608424
45	129	1620101164451
45	3	1620424267961
45	111	1620580835851
45	256	1625868653235
46	30	1614229912744
46	129	1615158696650
46	243	1615192646559
46	222	1615272001668
46	134	1615988346482
46	155	1616184997935
46	3	1618184630323
46	233	1621030338879
46	7	1625843890463
47	85	1614289555351
47	3	1614292707452
47	62	1614429168237
47	18	1614552340163
47	71	1615859778230
47	211	1616809607875
47	129	1617336326078
47	114	1618829371399
47	39	1619886116268
48	124	1610068366632
48	134	1610485626398
48	243	1610684836039
48	256	1610806627520
48	252	1610820188967
48	3	1611102853719
48	93	1611261140400
48	3	1611360452090
48	37	1611654159665
48	103	1611847375323
48	103	1612575798318
48	112	1612621464548
48	35	1612802524709
48	206	1612872651163
48	51	1616270315278
48	254	1631417092332
49	189	1611122573102
49	3	1611183336145
49	124	1611190792732
49	81	1611547292178
49	229	1612017430414
49	71	1612054327215
49	181	1612909424238
49	156	1617798445682
49	141	1619222115142
50	3	1610322554727
50	16	1610511282546
50	247	1610724848749
50	40	1610909321263
50	228	1616483170806
51	240	1609773580804
51	3	1609804845102
51	252	1609855432388
51	184	1609859041126
51	226	1609894098254
51	162	1610375747687
51	85	1610399200672
51	146	1610618207883
52	3	1608329596770
52	84	1608389515187
52	43	1608779153210
52	55	1608844817174
52	11	1609093886864
52	109	1611357625511
53	62	1604146993116
53	63	1604606374701
53	148	1605495785556
53	3	1606518368441
53	51	1609203335121
54	167	1599779352327
54	3	1599882609367
54	150	1600048915416
54	42	1600603097596
54	11	1601819843429
54	107	1602449679979
54	248	1610851991945
55	3	1598665451686
55	105	1598829227675
55	70	1599273614956
55	172	1599770334187
55	226	1599865862878
55	25	1600129477155
55	92	1600569315889
55	258	1602267254213
55	146	1602754164024
55	160	1603656341557
55	19	1607021903612
55	217	1607206429668
55	14	1613154899949
56	12	1580956572534
56	44	1581268579755
56	246	1581268579755
56	3	1581997877865
56	11	1582257771798
56	45	1582498092103
56	22	1582817808950
56	16	1583707886757
57	169	1580883392859
57	132	1580919426876
57	42	1581169846523
57	53	1581227871663
57	3	1581257263753
57	16	1583643614703
58	176	1580755829293
58	260	1580755829293
58	217	1580787889903
58	3	1580949934338
58	41	1581056475206
58	162	1581281499853
58	33	1582326237330
58	22	1583100447175
58	172	1591463099361
59	3	1548208863985
59	164	1548958786323
59	261	1549678927748
59	84	1549914442598
59	182	1550779520790
60	4	1625801142291
60	16	1625959678170
60	231	1626045412576
60	227	1626763076907
60	239	1630679340150
61	4	1604465157671
61	69	1604688168076
61	109	1605124316275
61	127	1605196373583
61	30	1605496397217
61	65	1605547938842
61	177	1606774983330
61	141	1608580116844
62	109	1603223452267
62	131	1603248740613
62	34	1603469377574
62	247	1603564924394
62	81	1603594551669
62	127	1603660177523
62	139	1603690611815
62	49	1603931353741
62	11	1604243621231
62	4	1604270002849
62	40	1604566356748
62	133	1604611990535
62	115	1604675616267
62	11	1605117894655
62	216	1605485226669
62	216	1605486238530
62	78	1606065561475
62	133	1606255499095
63	217	1595909961384
63	110	1595997571540
63	4	1596077526431
63	160	1596152574961
63	178	1596310318254
63	187	1596324610285
63	253	1596821752226
63	44	1597044203314
63	246	1597044203314
63	140	1602040961107
64	11	1593574203722
64	4	1593851504430
64	16	1593986882771
64	225	1595716571757
64	133	1596485206709
64	181	1596766801814
64	118	1597076160334
64	193	1597248517358
64	161	1597990682947
64	49	1598218764172
65	86	1592682821770
65	184	1593139799339
65	180	1593144019440
65	162	1593521829022
65	4	1593668164675
65	25	1594438114269
65	169	1595307562395
65	123	1599555631117
66	4	1591751272438
66	180	1592016516115
66	35	1592424434037
66	261	1592523232806
66	25	1594396177794
66	169	1594702000048
66	21	1595509039553
66	42	1599303650934
66	14	1611454211717
67	233	1611873019661
67	24	1613592809055
67	5	1613597095455
67	146	1614151149557
67	90	1619750642928
67	212	1619750642928
67	234	1625515907682
68	40	1604196784845
68	5	1604423044373
68	111	1604869575656
68	150	1605114458164
68	74	1605725725556
68	205	1608000680382
68	199	1610129948767
69	5	1603476184645
69	69	1603666184163
69	11	1604251900052
69	16	1604692831439
69	182	1609090954514
69	54	1611957762049
70	30	1599516081950
70	5	1599670255886
70	238	1599757545390
70	5	1600120669811
70	30	1600377992889
70	11	1600561023047
71	16	1597424159722
71	11	1597624721289
71	5	1597681569330
71	40	1597929195215
71	225	1598014057563
71	86	1598132773589
71	105	1598192646174
71	218	1598566625667
71	163	1600033798628
71	253	1601151639072
71	102	1608518363563
71	215	1608649026829
72	5	1595783032290
72	175	1595791235769
72	237	1595857598728
72	166	1596197795234
72	203	1596910677690
72	56	1598745342392
72	11	1601006929046
73	175	1595544118844
73	5	1595609922802
73	145	1596834584218
73	203	1596998458635
73	253	1597728753586
73	118	1603398463925
74	11	1593574484102
74	5	1593625097634
74	16	1593977241351
74	24	1594051067896
74	12	1594318597489
74	6	1594722816304
74	133	1595944372489
74	181	1596759782871
74	49	1597945586405
75	5	1583172004166
75	176	1583263765628
75	260	1583263765628
75	11	1583326586217
75	179	1583852051274
75	16	1586545735259
75	13	1591241319506
76	5	1577225566969
76	175	1577672908545
76	176	1579103370476
76	260	1579103370476
76	237	1579146782419
76	16	1580159586262
76	22	1582127825944
76	11	1584453999779
77	261	1630424268115
77	6	1630609578211
77	189	1630995941705
77	211	1631587993792
77	221	1632353473062
77	241	1641523467215
78	81	1620717484573
78	229	1621387494042
78	6	1621575250672
78	16	1621625191877
78	210	1621780887961
78	239	1629893512854
79	6	1611551927699
79	75	1611782051430
79	19	1612720536136
79	233	1613625990398
79	103	1614566935149
79	11	1627907216622
80	121	1609247318016
80	56	1609557741122
80	75	1610419362653
80	6	1610765636781
80	7	1610819341130
80	40	1611240659078
81	59	1605840100014
81	49	1606144470654
81	6	1606338770516
81	75	1608359544304
81	119	1611531918541
82	81	1602889307282
82	239	1603027816246
82	116	1603259229248
82	241	1603668318042
82	6	1603740124160
82	12	1604111463515
83	62	1600816283451
83	243	1601089831562
83	20	1601173073294
83	241	1601368529209
83	6	1601706559533
83	92	1601790278281
83	103	1602124746750
83	229	1602248343060
83	7	1602256451928
83	138	1602895527804
83	65	1603391659388
84	220	1599444961716
84	40	1599521785894
84	77	1599571049092
84	6	1599947601009
84	11	1600560382598
84	165	1602980642952
84	199	1619032371668
85	83	1593755499855
85	185	1593925410055
85	240	1594302249519
85	6	1594605653363
85	48	1594783475123
85	9	1596361831112
85	197	1596923219120
85	21	1600083356530
86	7	1632849212320
86	91	1633131810679
86	167	1633354198336
86	228	1635653098633
86	79	1637070954098
87	167	1604713362862
87	216	1605707373802
87	79	1608729673131
87	7	1621265725765
87	45	1621730718061
88	16	1620412599572
88	7	1620487703457
88	244	1621358600103
88	37	1622096060469
88	128	1623170705691
88	101	1623199074646
88	129	1624307934053
88	26	1628602683999
88	11	1630083162331
88	90	1636571530147
88	212	1636571530147
89	7	1618246231408
89	90	1620370747167
89	212	1620370747167
89	65	1620433133456
89	239	1629571947128
90	7	1617647825323
90	40	1617730415402
90	78	1617828801409
90	81	1617975142734
90	241	1618007704440
90	165	1618627666551
90	233	1621547351812
90	141	1624542331048
90	239	1629214068224
91	58	1615134299267
91	7	1615396787027
91	240	1615432846720
91	244	1615935205860
91	45	1616272116833
91	214	1619372873262
92	16	1611936729035
92	7	1612028228543
92	56	1612571357456
92	30	1613615164717
92	18	1613917893005
92	232	1614373613246
92	228	1617470212597
93	64	1608511164227
93	190	1610026125718
93	238	1610140205637
93	7	1610155682447
93	228	1612347857978
93	98	1615835103116
93	73	1630565008961
94	40	1608130509363
94	239	1608318358556
94	153	1608339154344
94	7	1608561747997
94	19	1609378461016
94	214	1609952447500
94	203	1612285629099
95	65	1607198632075
95	113	1607448839958
95	141	1607715626042
95	34	1607806639435
95	7	1607908220469
95	24	1608002403069
95	11	1609081249231
96	40	1605127328258
96	241	1605169436115
96	16	1605990839124
96	239	1606227763932
96	11	1606661625081
96	139	1607583257366
96	7	1607700627887
96	54	1607704149561
96	75	1607847569650
96	205	1616204052662
97	69	1604894903244
97	34	1605749827955
97	7	1606514882493
97	216	1606927646498
97	239	1608825159373
97	121	1609616393264
97	76	1610949738088
97	122	1611627119713
97	55	1620308152731
98	225	1605569197325
98	7	1605626461999
98	139	1607796483793
98	75	1610681672055
98	141	1610920255129
99	55	1604938876988
99	7	1605285001466
99	40	1606052353224
99	11	1606489523614
99	78	1606509905949
99	228	1607283105974
100	16	1603308434863
100	85	1603327928290
100	34	1603414240825
100	243	1603562969238
100	239	1603566434421
100	231	1603834850027
100	253	1604383952481
100	68	1604635963919
100	7	1605277820525
100	115	1607275147391
101	89	1603281493200
101	40	1603287054769
101	24	1603556581366
101	134	1603940948114
101	247	1604066935059
101	114	1604812373776
101	97	1604880239645
101	7	1605189580741
101	245	1605223805093
101	76	1607793562258
102	175	1603912246144
102	237	1604108159723
102	11	1605106767486
102	7	1605188641151
102	158	1605729213671
102	73	1611806679933
103	16	1600912847847
103	29	1600972191620
103	83	1601358869104
103	7	1601744886228
103	11	1601827045452
103	92	1602564283404
103	253	1605899406179
104	7	1601348228292
104	229	1601572733503
104	81	1601606675167
104	27	1602806112261
104	34	1603022205313
105	175	1600531845377
105	7	1600623351306
105	16	1600714485058
105	118	1603398146888
105	73	1605513049395
106	55	1595046647424
106	64	1595424689001
106	7	1595442388136
106	88	1595874490697
106	196	1595960116716
106	223	1596341211575
106	49	1596935013732
106	214	1598146586433
106	209	1598387584020
107	190	1592738774570
107	40	1593008961947
107	57	1593192215458
107	7	1593570937241
107	165	1594671522792
107	168	1607266686779
108	72	1591998005724
108	179	1592087643103
108	16	1592237948417
108	11	1592263193148
108	7	1592427032313
108	69	1593371188144
108	132	1593700952053
108	58	1593730289984
108	78	1593789767205
108	168	1594562584124
108	197	1594709131972
108	50	1600358965417
108	173	1601878756370
109	47	1560984489447
109	39	1561175469968
109	41	1561191714866
109	7	1561224373116
109	16	1562688988349
110	259	1609209532186
110	162	1609346824862
110	214	1609784809760
110	235	1610818416419
110	8	1610831769055
110	93	1611091093072
110	126	1611536077843
110	219	1612045529856
110	222	1612719528139
110	71	1612923419554
111	8	1610206520556
111	162	1610373609469
111	146	1610617213552
111	62	1611098188735
111	255	1612331243209
111	211	1613321415276
111	156	1614144979727
111	254	1631418072539
112	8	1597266333567
112	208	1598934059552
112	28	1602075694936
112	258	1603404921739
112	29	1603722875171
113	26	1586234867465
113	13	1586505585270
113	11	1586525869655
113	8	1586595584020
113	179	1587136349352
113	52	1587735518081
114	179	1583300820864
114	72	1583681354923
114	8	1584189354507
114	162	1585684764217
114	22	1586713851194
115	261	1582912683415
115	32	1582996250573
115	39	1583082404268
115	41	1583309316699
115	8	1583543347297
115	162	1585175006869
116	31	1576352461065
116	16	1576384702114
116	8	1580258795459
116	45	1588793729931
116	199	1594818651741
117	93	1602546080613
117	16	1602963857627
117	9	1603024547462
117	239	1603030319628
117	237	1603133154146
117	219	1605147612884
117	122	1607587453973
118	29	1601509472151
118	40	1601955064771
118	9	1602361342066
118	87	1602710308400
118	11	1602948560135
119	17	1595702072245
119	168	1596204325963
119	223	1596341047413
119	252	1596922123469
119	9	1596972059141
119	248	1597020866423
119	96	1597106949376
119	255	1597205536900
119	228	1598282178719
119	244	1598553524108
119	259	1602037357427
119	197	1602539784908
120	9	1593636481145
120	29	1593826333243
120	58	1593902352487
120	188	1594385170287
120	168	1597082870707
121	250	1592470041663
121	43	1592869817621
121	9	1593178632696
121	52	1594138324104
121	199	1595598759246
121	50	1600359145008
122	16	1570227921988
122	9	1570467139954
122	51	1570652036767
122	14	1570831062368
122	55	1620269710134
123	49	1645507798532
123	37	1645516422892
123	10	1645538841735
123	171	1645547211855
123	38	1645638807737
123	81	1645640209258
123	37	1645680679052
123	40	1645751047543
123	201	1645883670494
123	27	1647202368573
123	23	1649119586038
124	63	1620039853935
124	29	1620352749558
124	127	1620578786991
124	10	1621074811741
124	40	1621093755887
124	75	1622406459921
125	167	1597787290511
125	166	1598092067177
125	10	1598100257381
125	226	1598136861367
125	219	1598559204579
125	199	1610123511705
126	175	1571361963388
126	10	1571877375094
126	17	1572361948761
126	76	1574657357713
126	242	1583630520610
127	134	1614777825374
127	232	1615159037632
127	211	1615161368303
127	63	1616158925888
127	68	1616551427931
127	157	1619254253254
127	149	1623095194038
127	11	1646158077013
128	16	1614203764810
128	211	1614287669668
128	206	1614775081089
128	99	1615004846519
128	80	1638214234380
128	11	1641830809541
129	167	1612229686075
129	16	1612319398450
129	78	1612483547550
129	220	1614014768954
129	11	1641830467493
130	59	1617656484881
130	63	1618586530080
130	167	1619053822831
130	127	1619792645271
130	11	1638025425471
131	63	1618338054190
131	62	1619392919311
131	238	1619807860874
131	220	1620216712347
131	211	1620617442561
131	228	1624403602502
131	199	1625530783668
131	11	1638024173344
132	16	1608166175991
132	175	1608400875969
132	56	1609630868996
132	243	1615270859088
132	141	1620062687331
132	73	1621323021370
132	11	1623762919013
133	167	1610152023431
133	39	1611251386013
133	107	1614466714088
133	11	1620317657738
133	249	1633356631651
134	16	1610078466494
134	69	1611693601064
134	225	1611923457790
134	58	1612028329379
134	39	1612308654407
134	27	1614196826177
134	11	1615144871993
134	239	1615305261029
134	98	1619896615540
135	248	1606093722995
135	179	1607964973729
135	252	1608005923057
135	240	1608172329474
135	63	1608435777806
135	211	1608677469259
135	228	1608823986030
135	227	1609561019155
135	98	1610387790100
135	235	1610432920130
135	11	1615041463456
135	73	1618105113261
136	16	1609373181781
136	20	1609465038183
136	11	1612720071739
136	110	1618084366762
136	90	1622958199356
136	212	1622958199356
136	34	1674614136635
137	93	1604590484319
137	59	1604809765483
137	225	1604837032995
137	150	1604893753868
137	111	1606683181978
137	11	1611411190255
137	205	1611799447328
137	203	1614452034470
137	253	1618109850555
138	175	1599008531850
138	114	1599105211445
138	259	1599256468811
138	150	1599349480314
138	42	1599394167461
138	218	1599874092094
138	225	1600089030848
138	59	1600207061094
138	253	1603484722206
138	223	1608582682445
138	11	1611410267342
138	205	1624320525636
139	16	1601586109501
139	81	1601764335991
139	116	1602636013668
139	87	1602832092348
139	11	1602948287643
139	103	1603334381956
139	65	1604253798659
140	180	1594167960373
140	63	1597109864274
140	208	1597350281650
140	137	1599618650881
140	11	1600554093512
140	216	1602257403726
140	172	1602541400764
141	30	1598822003612
141	261	1598889637062
141	11	1599355741726
141	71	1599699025404
141	17	1601239359495
142	74	1597516750798
142	248	1598220046639
142	111	1598286232535
142	114	1598375644726
142	11	1598742055944
142	105	1598815971690
142	138	1598943724775
142	55	1599425876980
142	102	1608517852718
142	199	1618328413296
143	225	1593822367461
143	161	1595184388390
143	49	1596398540944
143	11	1597587337023
143	137	1598335253590
143	202	1599069128559
143	233	1600281515124
143	50	1600363208963
143	259	1602003365879
144	11	1595710638513
144	162	1595769234982
144	43	1595954861092
144	51	1596534575436
144	208	1597091095038
144	132	1597673358921
144	99	1597812874556
144	233	1597986148605
144	165	1598316656795
144	114	1599712288573
144	215	1601391749747
144	257	1601481647344
145	12	1593476644229
145	225	1594715443502
145	11	1595077755650
145	49	1596496891589
145	181	1596747088508
145	259	1596828055398
145	202	1597262200568
145	111	1598014153777
145	131	1600189210663
146	11	1594395709227
146	179	1594487401316
146	250	1594633780744
146	175	1594736961330
146	53	1596859109990
146	168	1597085052898
146	74	1606279224910
147	41	1584074031485
147	261	1584133894509
147	250	1584136790591
147	11	1585140652164
147	13	1596096708440
148	127	1583678596698
148	11	1584828792482
148	162	1585425203547
148	123	1585640047595
148	16	1586311369381
148	197	1588469461724
148	164	1593016576264
149	42	1583066832466
149	34	1583080448249
149	164	1583123854704
149	11	1583594267319
149	72	1583680178295
149	163	1583941441042
149	132	1584112866935
149	16	1587088422775
149	223	1592673577808
150	30	1580962056523
150	217	1581192014601
150	11	1583068556518
150	25	1583360558693
150	16	1583635830987
150	45	1586883528986
151	12	1582937012377
151	11	1583003727078
151	34	1583078980977
151	25	1583538723884
151	242	1583901409096
151	162	1585329736376
151	32	1628442981183
152	176	1580691523358
152	260	1580691523358
152	61	1580939094449
152	11	1581724386204
152	217	1581966867172
153	176	1580666590503
153	260	1580666590503
153	39	1580925509624
153	11	1581121008897
153	45	1582498281677
153	25	1582766830557
154	93	1596640260735
154	28	1596758303513
154	208	1596768671146
154	162	1597232637558
154	167	1597336488227
154	55	1597342538501
154	102	1597450424120
154	12	1597830191303
154	222	1598500070635
154	161	1598692600936
154	131	1599009855946
155	214	1595394059866
155	158	1595522699168
155	207	1595734677900
155	139	1596091939884
155	12	1596167261460
155	209	1598387645945
155	140	1600181341166
156	12	1594317135059
156	63	1598908219801
156	157	1599976042377
156	244	1602787044183
156	173	1603631244244
156	194	1618642129545
157	12	1593482811204
157	161	1594326697514
157	162	1594916144403
157	225	1596464181542
157	133	1596485009273
157	49	1596933771684
157	118	1597076392880
157	168	1597887980308
157	182	1602435057102
158	184	1582495812772
158	12	1583357987301
158	242	1583724919741
158	190	1586438374009
158	34	1591400756313
159	16	1540664105861
159	170	1541092997706
159	187	1541795196387
159	164	1544562998102
159	12	1552151992462
160	150	1598920150275
160	167	1598923854700
160	62	1599759834306
160	113	1600161811349
160	87	1600554439026
160	204	1600886877663
160	148	1601849353648
160	120	1604816535777
160	13	1620716639769
161	55	1585688864362
161	34	1586014147800
161	163	1586282958465
161	43	1586624730011
161	188	1586788584185
161	181	1587561145301
161	13	1588033264728
161	16	1588283401183
161	162	1588793012098
161	216	1596153327651
162	13	1577686750354
162	176	1579104218762
162	260	1579104218762
162	29	1579385723000
162	40	1579786502355
162	16	1580344556353
162	225	1586076772113
163	124	1644453687341
163	15	1644526895318
163	211	1644977049730
163	82	1645202106231
163	14	1659628417963
163	17	1678171704867
164	37	1620378771291
164	129	1620761176566
164	186	1621715663478
164	103	1622065988501
164	59	1622732343904
164	146	1624474167200
164	14	1638999024297
165	179	1582679693213
165	34	1582918494019
165	78	1583120630162
165	52	1583950977045
165	250	1584644354407
165	14	1611069073134
166	21	1578312539386
166	39	1580489576092
166	78	1581825998021
166	17	1599188476086
166	14	1606354239204
167	42	1592342692422
167	185	1592753730986
167	15	1593455018534
167	157	1597995605833
167	70	1599134722543
167	147	1604318331134
168	227	1631810149258
168	40	1632264365690
168	16	1632523710648
168	233	1635824543477
168	211	1635992519222
168	26	1637194603394
169	16	1624396432230
169	113	1624622420139
169	62	1624639698784
169	63	1624716965477
169	128	1624744756668
169	30	1625104151819
169	75	1626423604926
170	81	1623906196087
170	16	1624037953380
170	24	1624564949327
170	179	1624932770524
170	211	1625368444087
170	163	1630448568380
171	16	1621560325042
171	27	1621795168323
171	233	1621805578603
171	236	1622093780724
171	189	1623744561516
171	162	1626365197256
171	252	1643909342430
172	16	1618441921300
172	27	1619017366842
172	191	1619351808706
172	186	1620075862245
172	103	1620867398285
172	122	1625107342095
172	239	1629331805390
173	190	1615902129462
173	16	1616100112692
173	145	1616168966258
173	27	1616524159797
173	239	1625693037559
174	16	1615341590709
174	19	1616650339390
174	65	1617296075291
174	81	1618727303406
174	239	1625767684071
175	16	1615073318275
175	145	1615243595061
175	30	1615394049900
175	27	1616359387784
175	24	1619550916262
175	239	1624458284618
176	162	1613169594194
176	245	1613350340447
176	255	1613538817199
176	124	1614054869460
176	16	1614112421789
176	190	1614176984316
176	196	1614194506871
176	235	1614577637235
176	94	1615116838596
177	40	1612977076007
177	16	1613442493257
177	191	1613571117569
177	241	1613684515656
177	65	1613774659440
177	113	1613817163472
177	145	1614099409335
177	175	1614114469342
177	190	1614345880151
177	239	1620847319031
178	219	1612042902251
178	255	1612664778130
178	252	1612981786242
178	16	1613006691522
178	201	1613658807613
178	93	1613679278001
178	90	1620372579752
178	212	1620372579752
179	232	1611541981805
179	53	1611962485226
179	201	1612470423005
179	16	1612554871469
179	220	1613342275722
179	249	1618782013601
180	255	1611123422277
180	16	1611266583305
180	241	1611692767141
180	99	1612311372269
180	37	1613555086658
180	230	1613686272822
180	243	1632239016873
181	79	1608780781026
181	189	1609937790093
181	124	1610077020628
181	42	1610285483064
181	93	1610384606444
181	62	1610415963152
181	16	1610481861009
181	149	1610542409313
181	151	1611271214115
181	217	1612373312738
181	228	1612817273333
181	141	1614025865252
181	104	1617324256523
182	162	1607356658961
182	214	1607368391375
182	209	1607711960694
182	16	1608405634920
182	196	1608422338317
182	245	1609112222393
182	104	1609736316118
182	172	1609805437068
182	21	1610035062636
182	248	1611280653037
182	227	1612158752998
183	16	1606595275721
183	103	1608131151967
183	106	1609191420581
183	259	1609303685596
183	227	1622106760041
184	162	1604928678511
184	222	1605395801770
184	214	1605473188430
184	97	1606019728447
184	16	1606077643272
184	23	1606379414784
184	234	1606544347572
184	235	1606896247921
184	34	1608137302289
184	228	1608825661406
184	209	1608949327453
184	227	1610342122807
185	86	1603311981145
185	113	1603453208291
185	75	1603695908154
185	16	1604521770900
185	81	1604610895029
185	109	1604718908541
185	40	1604843144082
186	251	1603044389667
186	124	1603299307441
186	142	1603330554124
186	147	1603432593966
186	16	1603490674366
186	42	1604069798131
186	94	1604425532398
186	141	1605038256595
186	148	1605493297695
186	160	1607388606585
186	244	1609283833682
187	42	1598128009918
187	146	1598253699483
187	170	1598920994889
187	236	1599442714747
187	244	1600301992450
187	16	1601150061491
187	248	1601691801310
188	16	1597862088892
188	34	1598044808749
188	217	1598161902542
188	162	1598445407478
188	110	1598567167869
188	23	1600511910044
188	250	1600745698872
188	141	1602694040622
188	195	1615328793438
189	222	1596061224033
189	156	1596716403940
189	16	1596842802147
189	243	1597378677793
189	129	1597860306445
189	53	1602176124564
189	192	1603166022928
189	102	1608515987036
189	140	1624821934670
190	16	1594762745124
190	179	1595382074254
190	217	1595653036161
190	25	1596384370769
190	52	1596720532862
190	21	1597315165048
191	57	1580790983235
191	32	1581007304555
191	175	1581543068888
191	162	1583080982079
191	187	1583289436978
191	16	1584835696552
191	241	1585262777757
191	197	1585341563533
192	68	1578607773177
192	179	1578860908024
192	180	1578935820704
192	225	1579320083415
192	39	1579538077798
192	16	1582418978571
193	224	1632062755977
193	62	1632177436120
193	89	1632334084799
193	177	1632360977230
193	257	1632413142489
193	210	1632837994917
193	90	1634185262222
193	212	1634185262222
193	228	1636308102467
193	17	1642884218808
194	17	1632736128456
194	90	1633503182908
194	212	1633503182908
194	228	1635653041886
194	79	1637070994522
194	230	1643386201545
195	83	1587100388588
195	179	1587330293010
195	242	1587944089831
195	17	1609032368011
195	173	1663136934625
196	17	1601882271785
196	156	1603662193299
196	196	1605794416569
196	256	1609425091677
196	51	1610289007542
197	129	1596769782161
197	157	1598331649567
197	163	1600032976956
197	177	1600484132826
197	74	1606278466926
197	165	1609382679900
197	18	1623767811116
198	150	1616639207392
198	232	1617167180327
198	165	1618617684748
198	20	1618711240833
198	18	1619047332854
198	211	1619135668704
199	223	1613327373303
199	211	1613573080833
199	81	1615188652447
199	18	1615320257848
199	34	1615412675371
199	90	1624506355179
199	212	1624506355179
200	248	1608237430431
200	207	1608506749586
200	252	1608571279310
200	235	1608638572819
200	19	1609269521146
200	230	1610555740221
200	228	1612370091319
200	122	1613031769631
200	204	1614615404616
201	20	1658366200714
201	127	1658606102933
201	65	1658671602427
201	195	1658859317879
201	143	1660058471307
201	143	1660061822402
201	227	1660294142655
201	214	1668116458957
202	97	1607052807089
202	20	1609113206463
202	164	1609607836952
202	220	1609632905389
202	34	1611856389557
202	223	1612134813733
203	90	1629942285634
203	212	1629942285634
203	92	1630903552383
203	228	1631483394640
203	21	1640794957582
204	232	1627249079377
204	211	1627958333758
204	220	1628423856260
204	188	1628460693621
204	70	1628641370785
204	21	1638813285639
205	220	1629333500645
205	98	1629659300005
205	21	1630337096446
205	156	1630453885935
205	188	1630523390619
205	219	1632590993676
205	228	1633614769725
205	251	1636228415436
206	62	1617231718970
206	245	1619323590972
206	254	1619398487341
206	99	1619843945070
206	21	1628871439800
207	220	1609632695631
207	104	1610123768881
207	258	1610145195290
207	150	1610266163692
207	21	1616612169970
208	258	1596833136965
208	53	1597036759700
208	255	1597257615957
208	257	1600554500434
208	21	1600706637781
208	136	1627434439751
209	35	1593119268381
209	41	1593282636613
209	53	1593677316375
209	252	1596154954020
209	137	1597186099406
209	164	1598140538513
209	21	1600345688329
209	50	1600362971030
209	214	1603421336961
210	21	1600125208629
210	156	1601130704231
210	204	1601844231357
210	104	1605844492445
210	220	1607774049555
210	140	1632881610467
211	250	1591955441913
211	179	1593828345707
211	21	1595958388547
211	33	1596053167842
211	199	1600442157830
212	83	1592024544397
212	52	1592174776820
212	191	1592308552278
212	242	1594697368250
212	50	1600358622156
212	22	1601232869958
212	199	1664990408638
213	162	1606306893831
213	188	1607526550921
213	23	1607946519665
213	239	1608308401013
213	146	1609746506027
214	80	1599838838737
214	148	1601850734407
214	217	1603654701424
214	259	1604872578751
214	23	1605429789410
214	52	1607698350733
215	228	1601256127782
215	23	1602111901302
215	217	1602384881486
215	154	1603951500347
215	167	1605147991283
215	207	1605826851037
215	248	1606780021575
215	235	1606893325135
215	151	1612416356944
215	153	1617151777572
216	255	1598277850608
216	80	1598444687702
216	148	1598922136228
216	48	1599011276478
216	119	1599149188004
216	94	1599405362555
216	228	1599799047458
216	23	1601695731483
216	244	1602798549277
217	24	1648740545679
217	128	1648747013639
217	229	1648914287135
217	183	1652118484590
217	107	1653943559752
217	30	1654549256101
218	56	1563306607244
218	36	1563772297716
218	24	1564079400608
218	54	1564775230507
218	50	1567779077479
219	26	1632147809207
219	259	1632354315802
219	180	1632593173611
219	206	1632742082122
219	202	1633010466223
219	30	1633656111563
220	125	1643599018644
220	87	1643751062889
220	27	1644020283932
220	86	1644098793130
220	84	1644173335551
221	195	1641356365339
221	108	1641481678343
221	201	1642105073342
221	27	1642973121851
221	228	1646557460248
221	129	1647272369172
221	157	1652143822990
222	90	1629939140301
222	212	1629939140301
222	27	1630505770660
222	128	1631294260133
222	228	1632662411674
222	106	1633489398320
223	183	1627323293081
223	86	1628535713234
223	62	1628696758876
223	40	1628746444727
223	27	1628806248951
223	107	1633993026917
223	252	1643834680646
224	86	1621291470037
224	27	1622043800786
224	34	1622566101767
224	231	1623782528607
224	221	1623812153483
224	162	1626365744539
225	62	1619655407294
225	40	1619703641584
225	127	1619792832697
225	65	1620149359950
225	243	1621011527396
225	87	1621456060673
225	39	1621461495758
225	27	1621622132171
226	27	1618189050817
226	65	1619532863476
226	225	1619877469484
226	81	1622704719036
226	239	1630087557264
227	87	1605737767719
227	101	1605898143424
227	190	1606176617994
227	228	1607108003676
227	167	1607307316628
227	27	1607900385965
227	98	1614180124203
227	234	1614409333963
227	52	1616004746408
227	227	1618738577216
228	81	1604201679894
228	59	1604359733170
228	121	1604666212160
228	244	1604895452801
228	85	1605305846635
228	259	1605406046699
228	27	1605726392447
228	164	1606075328099
228	144	1606102285284
228	146	1607149967190
228	98	1612544411103
228	253	1613082594430
229	198	1624642821423
229	129	1624995008671
229	167	1626437041414
229	158	1627495309566
229	28	1639622495549
230	174	1603561051472
230	228	1603564306149
230	239	1603568657697
230	177	1603734111582
230	28	1604523165357
230	229	1605111494917
231	28	1604523064347
231	90	1604908215837
231	212	1604908215837
231	208	1605482786188
231	204	1609639049405
232	29	1641772992558
232	85	1642112306125
232	195	1642712226454
232	214	1645728981732
232	227	1646296769120
233	119	1604616961568
233	157	1605074625942
233	150	1605578303984
233	29	1606149260296
233	95	1619844689539
234	198	1594337281548
234	29	1595057371811
234	255	1596255218938
234	117	1596375386495
234	105	1596485894121
234	170	1597167940786
234	215	1597524982167
234	67	1601055318801
234	192	1601569129830
235	40	1545432287894
235	171	1546010311299
235	47	1546804748666
235	29	1547046227077
235	107	1549154115618
235	34	1561388851980
236	233	1645740992010
236	44	1647259013277
236	246	1647259013277
236	36	1648005407623
236	30	1653172929777
237	30	1604872261031
237	146	1610002965304
237	73	1611566405597
237	90	1617938762789
237	212	1617938762789
238	259	1599064943661
238	30	1599188349364
238	48	1600300847796
238	219	1601079378337
238	76	1604114408210
239	124	1598564297736
239	30	1598585090381
239	63	1598617977855
239	148	1598743562922
239	183	1598839890453
239	149	1599086555735
239	54	1599144493171
239	229	1600027183102
240	176	1567196288987
240	260	1567196288987
240	30	1567387439140
240	35	1567395701375
240	31	1567435910879
240	77	1567865562084
240	186	1567988901239
241	142	1607564390533
241	97	1607895459256
241	31	1609875705306
241	146	1609923207141
241	43	1610241742367
241	154	1611377649833
241	234	1611904481440
241	214	1612040209578
242	112	1598566298759
242	31	1598842293574
242	131	1599694111868
242	193	1600265153228
242	120	1604553674395
242	133	1627220740100
243	169	1581096759185
243	162	1583254523912
243	197	1585631161159
243	168	1586306382501
243	31	1586922329654
244	176	1582502307827
244	260	1582502307827
244	179	1582513708021
244	65	1583760061781
244	32	1588736136513
245	214	1633025205710
245	195	1633038312215
245	167	1633097855958
245	36	1635554914768
245	125	1639033252044
245	33	1647816685859
246	81	1611466095340
246	40	1612014965574
246	127	1613768661096
246	63	1614287333439
246	37	1614679036865
246	101	1615139298521
246	233	1617573357212
246	33	1619380856401
246	146	1620723469790
247	174	1592499174854
247	48	1593288996626
247	218	1593446244710
247	199	1593613140647
247	43	1593883266584
247	164	1594100844631
247	169	1594366934220
247	33	1594937095406
247	168	1596100503438
248	61	1632173708221
248	255	1632630719753
248	195	1633130656809
248	254	1633265970874
248	108	1633439568925
248	236	1634095432575
248	34	1646488985828
249	81	1624403169440
249	231	1624670003350
249	124	1624888732014
249	87	1625608424871
249	129	1625800228958
249	244	1627425119437
249	34	1633398883633
250	215	1602776915984
250	167	1603244386404
250	121	1603386699551
250	161	1603410990001
250	34	1603558302113
250	204	1607358912229
251	53	1593295921702
251	34	1593298244094
251	35	1594067479193
251	120	1595722156139
251	112	1596120146707
252	174	1563919836989
252	34	1563998421432
252	180	1564165194698
252	123	1564387364791
252	72	1564972158227
253	187	1551042540648
253	58	1551057581989
253	215	1551359821715
253	39	1552755307572
253	34	1562865863121
253	194	1574128918438
254	35	1619832904363
254	93	1621356119541
254	138	1622190267154
254	186	1622673394579
254	132	1629517345453
255	162	1606137323583
255	160	1606464976319
255	167	1607559304552
255	35	1607803942607
255	245	1607912756974
255	239	1608316880930
255	251	1609550501240
255	101	1609995351786
255	248	1611457148755
255	153	1617159902828
255	152	1626758924969
256	62	1645724039560
256	40	1647196099421
256	220	1648083734841
256	36	1648432314788
256	107	1649544495146
256	250	1650191781414
257	93	1623768120985
257	186	1624248392072
257	245	1625971856890
257	36	1629253805336
257	179	1629756123602
257	95	1633747787469
258	82	1605577272223
258	74	1605618550861
258	129	1606331965024
258	37	1609114164865
258	62	1609633771015
258	124	1610165574675
258	133	1638449748503
259	185	1597879430632
259	42	1598105790894
259	208	1598154353301
259	93	1598386511721
259	37	1599367501622
260	204	1596158463191
260	142	1596236048903
260	159	1596567280062
260	213	1597208143749
260	228	1597577229511
260	37	1598739212520
260	147	1600628548817
260	140	1601623866976
261	108	1648787401289
261	38	1649079299946
261	56	1649183056465
261	130	1653253286802
261	243	1654553779947
262	196	1636771186953
262	66	1637089837736
262	106	1637438391086
262	38	1637956712143
262	41	1638155460171
262	113	1642958121032
263	165	1633727150867
263	38	1633969183294
263	67	1638573891128
263	125	1638660263431
263	90	1650518364020
263	212	1650518364020
264	198	1626787912127
264	38	1626814751837
264	211	1627838648286
264	42	1628199199569
264	177	1632013921516
265	226	1607561645881
265	114	1607580883126
265	42	1607799838687
265	124	1607893968551
265	38	1607964272315
265	235	1608633925218
266	91	1623247284867
266	62	1623276456190
266	206	1623670806746
266	49	1623883910930
266	87	1624051306893
266	39	1624113542325
266	179	1624502485357
266	209	1625874806742
266	78	1653586569293
267	231	1618096244435
267	39	1619365433281
267	63	1619742362891
267	103	1621728456431
267	239	1629771854108
268	224	1612047959088
268	252	1612811079961
268	39	1612911742143
268	63	1612984670118
268	90	1617788006473
268	212	1617788006473
268	243	1618335780484
269	39	1598796812774
269	57	1598967651810
269	215	1598994764358
269	167	1599004091945
269	94	1599680885780
269	42	1600292286301
269	214	1606065261859
270	39	1597848408177
270	200	1597957237422
270	172	1598304623915
270	204	1599711942998
270	248	1604278866934
271	63	1596903966503
271	93	1597085508940
271	89	1597153924310
271	96	1597171614983
271	39	1597671635724
271	58	1597761631849
271	167	1597785308283
271	129	1598036424116
272	40	1634940518670
272	91	1635958904170
272	64	1636040526639
272	242	1640663357523
272	199	1648410905868
273	184	1614033202197
273	40	1614036312040
273	175	1614352498313
273	89	1614606002668
273	65	1617128292905
274	101	1617051103309
274	178	1618338675380
274	238	1618417729392
274	48	1619135797017
274	41	1619238036156
275	179	1611805020604
275	99	1612457209894
275	41	1613366649688
275	121	1614171379929
275	178	1614441561986
275	243	1617522116503
275	194	1618155214169
275	80	1636582726931
276	41	1592375500115
276	190	1592393046940
276	58	1592411848527
276	185	1592485940590
276	179	1592776888306
276	162	1592915894839
276	76	1593300020383
276	173	1593830579751
276	52	1594137214469
276	123	1599702620169
277	226	1621305207644
277	42	1621810481066
277	240	1621967148066
277	45	1635345449171
277	117	1635881358878
278	255	1618583663837
278	42	1618593410785
278	180	1618622101752
278	254	1621439095567
278	173	1667299862145
279	42	1607174175943
279	162	1607356880355
279	167	1607736066583
279	150	1607894625939
279	124	1608163838948
279	248	1608241868608
279	245	1608601416848
279	165	1608859685545
279	100	1609017528716
279	46	1610076149744
279	211	1610163352450
279	62	1610405584843
279	206	1611838615823
280	42	1596574464089
280	63	1597110001800
280	242	1598231252319
280	61	1599079635515
280	106	1600206753437
281	106	1636158381378
281	237	1636512147473
281	184	1636553153325
281	101	1637619946800
281	194	1637997416511
281	141	1643745501394
281	43	1647831609598
282	158	1626725876602
282	61	1626819610600
282	44	1626938293962
282	246	1626938293962
282	124	1627259240050
282	221	1629537832933
283	184	1600555435057
283	58	1600794061770
283	144	1600827031589
283	103	1600911959648
283	59	1601147333449
283	44	1601254115091
283	246	1601254115091
283	239	1601669307032
283	117	1602221525208
283	253	1604640545649
283	241	1605512778051
283	193	1606231487623
283	151	1612535547023
284	167	1627755509633
284	211	1627952265785
284	206	1627990558887
284	45	1634432529189
284	168	1638600656541
285	189	1600508576354
285	176	1600625359255
285	46	1601000663074
285	222	1601999494436
285	135	1602965815332
286	51	1598107622010
286	215	1598137641304
286	58	1598199782505
286	46	1598651225214
286	144	1598822463748
286	162	1598965713810
286	169	1599407838865
286	131	1599694402974
286	120	1600152117445
286	155	1601866232254
287	217	1595832366906
287	105	1595855998735
287	88	1596134807613
287	66	1596274050964
287	252	1596473410614
287	93	1596552876534
287	255	1596600951898
287	213	1596965574088
287	144	1597175471374
287	46	1597209932743
287	110	1597593538002
287	149	1597615316244
287	193	1598362693336
287	140	1600966100080
288	184	1650153328582
288	143	1650816669940
288	47	1651245909485
288	111	1651438732220
288	87	1651517854024
288	92	1654313398643
288	228	1656203229874
288	167	1659055904653
289	47	1611962049960
289	220	1612479978579
289	232	1612677729007
289	90	1626437479061
289	212	1626437479061
290	47	1595280661306
290	134	1596542264288
290	152	1596690476177
290	138	1597303099124
290	95	1597791354987
290	204	1597901873472
290	141	1598381431194
290	259	1601391303420
290	74	1605801579968
291	257	1592784298287
291	72	1593127797075
291	250	1593207843419
291	188	1593364063590
291	180	1593726429555
291	76	1595092187159
291	49	1596497462547
291	213	1596528420682
291	248	1597017036510
291	137	1597339334736
291	87	1597360846408
291	136	1615616011984
292	166	1624120782710
292	63	1625229624839
292	51	1625587589330
292	90	1635812761260
292	212	1635812761260
293	155	1595964787964
293	51	1596161646455
293	120	1597036126536
293	169	1599407585775
293	73	1603341485504
294	214	1606098386175
294	252	1608580107175
294	167	1608694195491
294	190	1609079842897
294	115	1609086962376
294	207	1609122749816
294	196	1609619659034
294	245	1609654914632
294	235	1609743175180
294	52	1616006104285
295	220	1605811984397
295	214	1606098057252
295	109	1606859618734
295	160	1607219001039
295	52	1607711307564
295	251	1609615231703
295	243	1611276248286
296	52	1604319334415
296	64	1604949143198
296	228	1606080727104
296	98	1606163343887
296	167	1606163555618
296	248	1606782315375
296	73	1611462546248
296	90	1611735061141
296	212	1611735061141
296	199	1677092994072
297	85	1599438103571
297	146	1599608387792
297	159	1600726019995
297	190	1600729040686
297	94	1600983862223
297	164	1601677410672
297	52	1602171454471
298	168	1597973673494
298	210	1598100947640
298	214	1598411337788
298	248	1599939937229
298	52	1602169169002
298	199	1620755583831
299	176	1596475971662
299	115	1596564742453
299	193	1596590418959
299	162	1596726538788
299	58	1597171829247
299	52	1599662363856
299	135	1602033930648
300	252	1596221162401
300	258	1596994790766
300	79	1597013079960
300	234	1597716806079
300	248	1598818982045
300	52	1599659595901
300	192	1601841599081
300	147	1603278520698
301	52	1596723646569
301	74	1597189902156
301	96	1597201486453
301	200	1597278084102
301	198	1597430906063
301	207	1597448899342
301	137	1598149537135
301	248	1598826556172
301	192	1602341559293
302	77	1598195753546
302	167	1598399506308
302	58	1598564182499
302	54	1598622810104
302	251	1599361399088
302	230	1600895996010
302	168	1601314273083
302	155	1601789855518
302	248	1604279492629
302	135	1611002496865
303	171	1616860245072
303	188	1618112347298
303	55	1618115916261
303	57	1618174044826
303	63	1618337614536
303	68	1620166719650
304	82	1608595389660
304	202	1608666745260
304	57	1609040131828
304	232	1610141015678
304	230	1613858493631
305	70	1608311248602
305	79	1608816936423
305	162	1609185575275
305	58	1609692701647
305	196	1609987126777
305	161	1618461880977
305	254	1631550744183
306	58	1597622537174
306	200	1597722435954
306	79	1597865186266
306	168	1597974808237
306	94	1598280670938
306	80	1598452162601
306	219	1600086458543
306	159	1600388788122
306	248	1601692520699
306	135	1602640626180
307	201	1637699680895
307	66	1638064943145
307	59	1638763911156
307	91	1639243121783
307	106	1645311657827
308	60	1516988541951
308	60	1516988796596
308	60	1516988834509
308	60	1516988890974
308	60	1516988969493
309	148	1598909511207
309	184	1598986058948
309	61	1598993431614
309	179	1599530032451
309	92	1599969016459
309	230	1601500723823
309	76	1602046965914
309	105	1619044086818
310	180	1637942094497
310	62	1638291035413
310	111	1638661860369
310	87	1639000496853
310	214	1641844092001
311	62	1616876347919
311	177	1617245733579
311	201	1617334226419
311	211	1617636864661
311	229	1618235195055
311	146	1620986704258
312	245	1613008734480
312	104	1613017191286
312	124	1613951680692
312	201	1614206917590
312	62	1614212687891
312	179	1614399595468
312	243	1615049581329
312	99	1615232628555
312	252	1615914644797
312	136	1618158441253
312	97	1623028050573
313	62	1613257077706
313	124	1613265469654
313	149	1613408451591
313	201	1613938017206
313	90	1627589318684
313	212	1627589318684
313	254	1632191665262
314	69	1650805770320
314	211	1650806100207
314	63	1651318224489
314	179	1654557126912
314	129	1655153976115
315	167	1614200057478
315	77	1615302279015
315	63	1615433045454
315	112	1615650299739
315	118	1628969026765
315	108	1643599066016
315	98	1652794728853
316	170	1602618671325
316	126	1603675066352
316	97	1604261058188
316	85	1604347553618
316	63	1604971558017
316	227	1605761063849
316	199	1610545741564
316	200	1613439308346
317	84	1600958418404
317	238	1600985615003
317	63	1600995392034
317	211	1601139954037
317	193	1604073998826
318	249	1598836550903
318	193	1600286225449
318	257	1600554288655
318	63	1600652415035
318	94	1601081170072
318	217	1601738589064
319	167	1596680380895
319	63	1597109701362
319	87	1597360619925
319	99	1597634102530
319	88	1598445451198
319	86	1598739618898
319	223	1603655894543
320	158	1659895460430
320	180	1660321706571
320	64	1661873775009
320	65	1663849782220
320	167	1665257350742
320	228	1666805038080
321	87	1597264972019
321	66	1597266840461
321	162	1597494092561
321	228	1600093603978
321	151	1605324219026
322	257	1593449945281
322	198	1593718656957
322	162	1594128457865
322	66	1594271652817
322	164	1594571162329
322	79	1595805541042
322	153	1596394727117
322	192	1597737783087
322	172	1599768060792
323	142	1614147610411
323	171	1614986265364
323	129	1615160405039
323	138	1616589130283
323	107	1617823112879
323	119	1618101773404
323	67	1626736321824
324	86	1596238470490
324	223	1596390271766
324	185	1596983680609
324	93	1597243162863
324	244	1597950313364
324	213	1597975886304
324	147	1603657036777
324	67	1610318812759
325	244	1638228460181
325	68	1638635028405
325	130	1641685747451
325	228	1642869044192
325	261	1652987290341
326	69	1598736233980
326	84	1598808593461
326	68	1598898044425
326	136	1598976234703
326	190	1599049202946
326	250	1600236398794
326	227	1600322553672
327	258	1621473422697
327	124	1621799984933
327	70	1622572331834
327	255	1622647829810
327	125	1622677986288
327	243	1623367479457
327	228	1626468234060
328	70	1605755584947
328	162	1605883977540
328	207	1606771120721
328	209	1607711628586
328	245	1607912437182
328	114	1608968373823
328	100	1609016904730
328	110	1609193770770
328	126	1609905729393
328	228	1611724045464
328	152	1626758859813
329	235	1604239599367
329	160	1604607333431
329	258	1604804562691
329	70	1604844567930
329	167	1605141263275
329	217	1605896146903
329	153	1608342211624
329	145	1611784583380
330	223	1613795718753
330	256	1614167199941
330	124	1614219176207
330	103	1614294627012
330	71	1615859021251
330	90	1621403057024
330	212	1621403057024
331	82	1635349666253
331	167	1635546327717
331	72	1635808245475
331	210	1635811822378
331	85	1636141996506
331	98	1650636302421
332	241	1607326157240
332	78	1608140711217
332	228	1612367533407
332	151	1612984379120
332	73	1620744554370
333	101	1603747549927
333	87	1604433956852
333	228	1605801795952
333	139	1606288126194
333	73	1610190530982
333	197	1621268935818
334	208	1609548154186
334	101	1610147708045
334	209	1610636223423
334	79	1610932886741
334	235	1611729093231
334	217	1612549578171
335	172	1602432583929
335	206	1604070918472
335	152	1604163791789
335	79	1604516642981
335	103	1604616475350
335	244	1604694492997
335	126	1605214342574
335	129	1606083616947
335	169	1608145298075
335	222	1608623333464
335	153	1617151291872
336	148	1596571464749
336	222	1596583080291
336	79	1596661769185
336	135	1596907967617
336	138	1597314579844
336	223	1597541635382
336	192	1610459097912
337	79	1596067497984
337	96	1597193622797
337	214	1597806333644
337	213	1597967418816
337	154	1598159427123
337	137	1598335929369
337	199	1599241053107
337	193	1604521357984
337	223	1610074908720
337	249	1662082647450
338	88	1598979911874
338	234	1599023493000
338	233	1599166178264
338	80	1599525631098
338	248	1609116076713
339	88	1598979955128
339	234	1599023721470
339	233	1599165988980
339	80	1599525548844
339	189	1599894700452
339	248	1609116343257
340	174	1635542390023
340	211	1637016307759
340	82	1637016949727
340	81	1637268727025
340	93	1637355624558
341	215	1600357392304
341	112	1601125786051
341	85	1601569961546
341	83	1601623852934
341	241	1601632327194
341	152	1601660902017
341	160	1602440961657
342	83	1594447335247
342	217	1595660760057
342	208	1595978184791
342	165	1596852057956
342	192	1596869158866
342	172	1598832220137
342	123	1600580905421
343	167	1624033815046
343	85	1624292570809
343	128	1624316955138
343	214	1625765781556
343	211	1625931403057
343	90	1626167764982
343	212	1626167764982
344	114	1611346576826
344	85	1611774994202
344	255	1614509127214
344	211	1614539785626
344	117	1617068908524
345	86	1596236937528
345	92	1596821286850
345	204	1596865617855
345	213	1596966237071
345	93	1597078452973
345	198	1597099005592
345	147	1603277858332
345	123	1609914518450
346	239	1613768981801
346	231	1614917786934
346	146	1615277029622
346	90	1622709303037
346	212	1622709303037
347	155	1598566570845
347	259	1598586589483
347	225	1599571949451
347	167	1603235459327
347	164	1605927093099
347	202	1606094415698
347	90	1608171768561
347	212	1608171768561
348	176	1614359236402
348	124	1614396527233
348	115	1614813228733
348	211	1614880623203
348	91	1615391343544
348	116	1622518589446
349	92	1602565042951
349	97	1604251193468
349	236	1604979344620
349	211	1608081293336
349	217	1614017714921
350	237	1606012934337
350	239	1606343367918
350	174	1607965896512
350	158	1609792569115
350	256	1610548588342
350	247	1611518636515
350	236	1612492515177
350	98	1612546754111
350	95	1620702847441
351	217	1598161058164
351	124	1598647049457
351	208	1599363777563
351	95	1599617932243
351	160	1600718129570
351	148	1600905599284
351	141	1602090170843
351	244	1609787362531
352	186	1629862009099
352	166	1631050726919
352	99	1632697690816
352	96	1642400709903
352	245	1644128415315
353	219	1618364173630
353	98	1619021778529
353	100	1619815933753
353	115	1619987881368
353	245	1620589426976
354	168	1605259356684
354	185	1605454410540
354	211	1607113284263
354	190	1607173495620
354	220	1607565047867
354	174	1608652352066
354	134	1609112124422
354	156	1609342760804
354	98	1613417525279
355	214	1616857067159
355	245	1616963788589
355	244	1616979406854
355	101	1617149633253
355	162	1617377371175
355	177	1619146053248
355	231	1619147487516
355	224	1619187660447
355	115	1620000101450
355	146	1624015178440
356	182	1633474268555
356	108	1634405507360
356	211	1635030304965
356	221	1637130990754
356	199	1648407557522
357	142	1596167052100
357	114	1596177485467
357	165	1596504240614
357	188	1597673520219
357	228	1599757016448
358	247	1605114200830
358	206	1605875008718
358	216	1605925021327
358	196	1606496833933
358	202	1608666352035
358	146	1609924695533
358	115	1610911848313
359	259	1596916043958
359	117	1597004506412
359	200	1597281345303
359	137	1598151676046
359	193	1598379295652
359	159	1600389105510
359	168	1618360552689
360	119	1597993355421
360	134	1598497534346
360	138	1599706837830
360	204	1599710997076
360	141	1600115850043
360	248	1604278786654
361	186	1627337989951
361	125	1628725445701
361	228	1631278746134
361	195	1631851695276
361	255	1631901462022
362	143	1645683865739
362	143	1645865466884
362	144	1646842747671
362	130	1647218531081
362	130	1647218708127
363	150	1596770764974
363	131	1596772173133
363	165	1597351072337
363	228	1599754607547
363	140	1631588551142
364	207	1596052253083
364	154	1596081762918
364	248	1596249164932
364	190	1596371154497
364	192	1600354748954
364	147	1600628588672
364	140	1624163377595
365	150	1611989667089
365	232	1613713082542
365	201	1614207613437
365	157	1615228919858
365	153	1617163815608
365	220	1617192491769
366	214	1599617547879
366	200	1599743606107
366	162	1602167637654
366	248	1602445682651
366	259	1603681904184
366	154	1615347216058
367	251	1618623620508
367	211	1618794367742
367	254	1619398427533
367	223	1621107418771
367	233	1621831743566
367	252	1626286313294
