original	item_id
B08P2DZB4X	0
B07RBSLNFR	1
B07SLFWZKN	2
B08JTNQFZY	3
B08GLG6W8T	4
B08M3C6LVS	5
B07GHPCT6T	6
B07KG1TWP5	7
B07W397QG4	8
B07GDQPG12	9
B07J3GH1W1	10
B01M7UMAUG	11
B08DXDLR3P	12
B0875V791H	13
B07LBK2YQX	14
B07FX94GYX	15
B0B8DZ7H5F	16
B0B4JP5YD9	17
B0B4JPGX8P	18
B09KT4RJG6	19
B07KQ32Z8C	20
B08PQ6YXSH	21
B07W6H8CGT	22
B0BTJ6SYKB	23
B08KWN77LW	24
B08HXQ3T9K	25
B0B2L218H2	26
B08BZ1RHPS	27
B085NYYLQ8	28
B085WTCBLG	29
B088FBNQXW	30
B087D7MVHB	31
B07PRDZ2BH	32
B083TLNBJJ	33
B082NKQ4ZT	34
B084D86YL8	35
B07WNBZQGT	36
B07SW7D6ZR	37
B082MTTFZD	38
B07NPWK167	39
B07J2QZBTP	40
B07N45YN6C	41
B077YR3333	42
B07FZ5HZLM	43
B07KV31WDS	44
B071R2QPF3	45
B01KJPFO9W	46
B010B0S67C	47
B00NNKWDI6	48
B00N6WHTRG	49
B0BP2Y6QY4	50
B08XJWLLKQ	51
B08PLFZB89	52
B08KHRF9NY	53
B08N6YHQXT	54
B08SQ31H8P	55
B08LZLBXYT	56
B08NPBQR9L	57
B08P8BN9BZ	58
B08BLX72TP	59
B08LYT4Q2X	60
B0841WQNNZ	61
B087ZQK2G8	62
B087Z9X39L	63
B07XQKH3RY	64
B084ZHP45Y	65
B07LCHCD6Q	66
B07H3S8WTV	67
B071JMGPTH	68
B07F8PCLDV	69
B07FM69672	70
B0B8F6MWFJ	71
B09ZKWV5MK	72
B08HVRP54L	73
B08WPXVK2P	74
B0B5X48DZR	75
B08N5NDVGH	76
B09QT8SLJB	77
B092M5K59T	78
B09XX4VR4Y	79
B09C1S6LSV	80
B097YYB2GV	81
B095CG2ZV1	82
B096XDXNY5	83
B08T7GPT1D	84
B0919R1CYT	85
B08T5RVSD9	86
B09473GGM4	87
B08T5LG5FT	88
B08Z3THTQT	89
B08LPGZMQK	90
B08GFLMGN2	91
B08FCV1FQC	92
B08YNR839W	93
B08XZT4FLY	94
B09GNXK3N1	95
B08RS762Z7	96
B08R8JQ7NF	97
B08VMWZ7N2	98
B0881WZVM5	99
B08MPP4X5L	100
B08QHP717Z	101
B08RY2LML3	102
B08MT11QG3	103
B08HGZXLP6	104
B08N9RT9YD	105
B08PPB3W6H	106
B08P7PSMRR	107
B08NJ56F9C	108
B08LGG9GSG	109
B08KT7FCYY	110
B08HMLXW65	111
B08HMJT41C	112
B08DKK7KXV	113
B08G8B2CQH	114
B08G83G24X	115
B08CZM3GH3	116
B086XH7BWW	117
B0895XRT9S	118
B08C72C56Z	119
B07D6KYSJH	120
B0829HHW2M	121
B07VGBBNTH	122
B081ZN3TD5	123
B0837K9W6P	124
B07KXM94BT	125
B07DSC4X3K	126
B07DPKZPRH	127
B073WQHFXB	128
B01BEYRHBA	129
B07Z5C1KGR	130
B075FVH1XS	131
B00G7PCKI2	132
B08SBV6Z57	133
B086N136NH	134
B08YJV9YL2	135
B08BRS98SF	136
B07MN1KJ15	137
B08879N2W3	138
B086VYKNDF	139
B007VXJK6E	140
B07N53XT2T	141
B08PVH18Z6	142
B08H4SYXR4	143
B08C71WBLC	144
B08J3VX89W	145
B08H2KSHZZ	146
B08WCG4JCC	147
B07DFNPVSF	148
B08BNNNMH5	149
B08575Y9V3	150
B07P4LLZS6	151
B084MFFX5B	152
B07ZS3DKL5	153
B085SWH8RG	154
B07PCLLWHJ	155
B07RM722DH	156
B0848VJ18X	157
B07Z5BW8WL	158
B0046BPTI2	159
B07TNSGHVX	160
B07XF5F1X9	161
B07J1LYVHC	162
B019O277A0	163
B0924GT395	164
B08RYN11N9	165
B09GVHT2D3	166
B0868W34QW	167
B093VL2JQQ	168
B09BN5TYK5	169
B0924896KW	170
B0932BXNKC	171
B099NQM7MF	172
B08Z2TZTMY	173
B0919SX5DN	174
B08R2MJJV3	175
B093YZRFLW	176
B08KFKKPBB	177
B08F2RBJJ3	178
B0BXB4J297	179
B0B1MBRVDS	180
B096YFBWGX	181
B0932Z1NM1	182
B08SVXBVBW	183
B08SG2MBRY	184
B08L4HTQ3R	185
B08LFYMGS5	186
B07YS9W97B	187
B08CH5PC9W	188
B0851QJPZY	189
B08BB3P4VQ	190
B08DYFZMGJ	191
B08CL46XNM	192
B089RLLT5C	193
B0BL2Q5PYZ	194
B09NKFQL53	195
B083BLZJ9M	196
B08M9TJ3NJ	197
B08RRSPNWV	198
B01I2MU2JQ	199
B09NFQ69KT	200
B08FYBSFPR	201
B0929B8N9L	202
B08GMC5ZRY	203
B081D2R47W	204
B0914JBBTV	205
B07YDLYYP3	206
B07H8Y5QT2	207
B00LHZC4GA	208
B08K2WH8LK	209
B096G6722H	210
B092Z6B3GR	211
B094MQSRDL	212
B08D4X4W22	213
B0BQQ5L942	214
B08P5JZYX8	215
B08DK4NDM3	216
B084WP4XS8	217
B08QVJ4NVD	218
B084JGNSST	219
B08NJ5BTWG	220
B08MRRNL18	221
B08GP7CV1S	222
B08D7TLV21	223
B079573LDT	224
B01N7A5AGF	225
B06ZYWVSZY	226
B08JCX3DL7	227
B08L3J4FB9	228
B08KNVV18L	229
B07YNDWRCB	230
B07NPCT6L5	231
B086TS3BKQ	232
B07PCGSFGQ	233
B07MZT83KK	234
B08KGVBW41	235
B08GJJ5RV9	236
B07VDCD17L	237
B073ZR1XLQ	238
B08C37KWRR	239
B083BGJ4P9	240
B088GWCVVJ	241
B07RGZNDV4	242
B083PQNHF8	243
B086SSHLWT	244
B0859CYSTM	245
B0855L611L	246
B07PTQHSQS	247
B076DGMQTM	248
B07X4J45PS	249
B07R3BMYBG	250
B08S2LYN64	251
B07HVRP37G	252
B088ZVSLYP	253
B0B5Q9JK15	254
B09XF4WD3V	255
B0998BD871	256
B099NG1NKV	257
B095XW2M8L	258
B08R3F946X	259
B08MF778D7	260
B07Z548TKH	261
B089RZ67T7	262
B07YYW1913	263
B0B4VHNL46	264
B09LLKBZ3S	265
B09H6XWD7C	266
B09CFZK853	267
B09D6ZDZN8	268
B09GT1GYNR	269
B098GMKW8D	270
B09571TNVG	271
B09DXR7QJY	272
B09CTMVY68	273
B095C1WF44	274
B0912VNQRM	275
B0916ZRQDG	276
B08DJ1BMHX	277
B00XXZZCCU	278
B01EUR8IPW	279
B08F4ZDVZQ	280
B08ZNLBJ5B	281
B0968RPKLF	282
B08NTD1NM1	283
B091DF3MPN	284
B08RYQXJ88	285
B08RMZXNH8	286
B08HTZKMJ5	287
B08QYW2FJ2	288
B08L632WH7	289
B08G15JBYN	290
B08CVTNQP1	291
B08JZD8HN4	292
B07VQR3W3Z	293
B082MDFNZM	294
B07XVNJFNF	295
B081M5R5L5	296
B0815TNMTL	297
B082VS3W6R	298
B0828W2HXQ	299
B07T3WQPRF	300
B07YB1CMFT	301
B07DPMFTLY	302
B08RHMK2GL	303
B07JC3GQQM	304
B08MFT9ZZ9	305
B08BCK4KPS	306
B08G5YVHQP	307
B08DXLRTSB	308
B08C24Q6LB	309
B07DKRK8ZW	310
B01EK2F1PC	311
B076DBLG1K	312
B09G3KBK7Y	313
B01MA3LXIL	314
B08DRNK7PS	315
B089R7S73D	316
B00TK0VV68	317
B07V9MKX7H	318
B09V2MR177	319
B09NCJHDX3	320
B08D6WBXD7	321
B08837W489	322
B078W6XC3C	323
B07L9H27SH	324
B08SJKR877	325
B08RQZ3F3L	326
B08P7QWN1N	327
B08LPJT4MT	328
B07FPS2VFK	329
B083BCSQGN	330
B08HRNPNR5	331
B08MQWJZSG	332
B087ZQG11L	333
B08LPC1G23	334
B08K2HC58L	335
B07W1WJZFG	336
B08MPK4JRB	337
B07PBWVV5K	338
B08GYJY8F2	339
B08BS3WDPJ	340
B088X67C26	341
B08FR3QXYY	342
B08JPK6MKD	343
B07FQTCLNX	344
B08JH8NGKN	345
B07V1QTSQ1	346
B08DD6BFFM	347
B08CJHC9ZV	348
B08DXZ5VXB	349
B08DX9P6V1	350
B08DX6B4QN	351
B077MYW993	352
B08GBZGRDQ	353
B08FBPYYVH	354
B07FP2C8N8	355
B086M8MZGB	356
B07THLR7RR	357
B0844X4D53	358
B07M9D3WYW	359
B08465489V	360
B00O2FGBJS	361
B086SSMK7P	362
B07ZQRX7FX	363
B0851C4YPC	364
B07NZ4F82C	365
B07VSZYKCH	366
B07XNMVJ53	367
B0813ZQG3T	368
B07PCSRSND	369
B07SJ98G6Z	370
B07V2L94ZW	371
B0832Z7KFJ	372
B0849YFB92	373
B015A5DGG4	374
B082VKPJV5	375
B0844X21MJ	376
B07X8W7GJZ	377
B07Z3NRMBS	378
B083G2PVX3	379
B083CXR5V8	380
B07HHZBH4X	381
B07SD7GP25	382
B07YQ5ZNPL	383
B07YQ6G3LL	384
B083LHHQYF	385
B07WVVXZG9	386
B07ND4HPHT	387
B08BFH35VX	388
B086ST4W1C	389
B08693T3XR	390
B07MMW5654	391
B07SHHXSPL	392
B07WRVM3Z2	393
B07GDBN9LB	394
B005AL5H9S	395
B091C81G26	396
B07NCXVDD4	397
B07WRF6KMW	398
B08XJTL1D1	399
B088PYN4VM	400
B07PHWX88W	401
B07YC9GNKS	402
B09V7S7GVZ	403
B09G22586Y	404
B08XZDXTG2	405
B08CV5LX6X	406
B08CXS5H7N	407
B082DXHTX8	408
B07ZQ1QXK7	409
B07VG2W8TT	410
B08WL8GDCP	411
B08BMV4C42	412
B08BMYPHD2	413
B07ZJX5MNJ	414
B07S8F3GWK	415
B088M5P8FN	416
B07YL4485K	417
B083J1S8KN	418
B081HDSNTS	419
B07DQ6NG1H	420
B081N8WY8N	421
B09BHNWDFB	422
B08ZYKQ3D3	423
B088LWRYJC	424
B07JHV9P52	425
B07DNGSYK8	426
B09VY96RBZ	427
B08GR16Y3Z	428
B0BGSXMDB3	429
B00L4HJX7O	430
B087D1YQ2H	431
B086JN17SK	432
B085KXJGHJ	433
B09L563Q84	434
B082TPQY2R	435
B083PXJBVY	436
B08QZ8LD7F	437
B08ZS61SWK	438
B08MC3ZLV4	439
B0949MJRHK	440
B0943P5CYB	441
B08BKWLHYP	442
B085XZF8WQ	443
B08XR17DPQ	444
B08SVW5GZ2	445
B08VR968Q5	446
B08TT2SF5S	447
B08VQY1Z1S	448
B08WF29DM9	449
B08S1LWF9V	450
B08VKQY815	451
B07YNH56W5	452
B08GKVYS1Y	453
B08SQZ1B3W	454
B08T96NYB9	455
B08LG68MGH	456
B08N6CLJ6P	457
B088TXBCB5	458
B08HZ5Y8RY	459
B089NJG212	460
B08L6GXY2S	461
B081MQD52C	462
B08DHZW3LK	463
B088TGQFNM	464
B086W18W1W	465
B085ZRVDKP	466
B082VYX7G8	467
B01N5SHGS0	468
B07ZHV92BV	469
B07SV4HTMC	470
B0814TCLD8	471
B081632HX6	472
B07WFQMC18	473
B081Q1R963	474
B07NVTT4JS	475
B07WTZP6WD	476
B07PXFPVZK	477
B07STZPR5W	478
B07RP9FXLW	479
B09J5TZ7HL	480
B07PPFZQ6B	481
B07LCF4BK5	482
B07H53GCV2	483
B07N318SLJ	484
B07K153R2B	485
B07DPMKDVH	486
B00OPEASFO	487
B00KCTER3U	488
B09N9TZLG3	489
B09C14NZL9	490
B08J4427TW	491
B08K2V6WGH	492
B083J1Y349	493
B08JD6VZK4	494
B08343FS9P	495
B08F7WFLCT	496
B07ZK9D1PD	497
B089CSF11Y	498
B089ZQ8Y95	499
B08Z7FQGW3	500
B093JGCRWX	501
B08Q8NQMX2	502
B086VRRD99	503
B0863FZFPV	504
B0895XPZNT	505
B07K1QJH5P	506
B07DXLDS9G	507
B08LZ6W8RF	508
B07ZSRTCH8	509
B08GKLTPFQ	510
B08FF6LQ3G	511
B0BQWTXV2Q	512
B08CR1YH7B	513
B07RPL6JK9	514
B0BVM6DL7C	515
B0B2VVXM9C	516
B0B34JJ8SR	517
B0B64PMWPH	518
B0B1M9NTSY	519
B0B1M8SBML	520
B0B34JGPR4	521
B09TMRB5NT	522
B09CLNDMXX	523
B09VB59RFG	524
B09V81J6NZ	525
B07K7FB3WB	526
B095RYJJHY	527
B08W8LKLHB	528
B00CUF29WU	529
B002C741NG	530
B0BGS9F2FM	531
B0B3X64B4H	532
B093DZZ6DS	533
B09W287PQT	534
B096T3KHRX	535
B087PJ121M	536
B087BC7GPT	537
B07S9H98QF	538
B0BVQQ58G8	539
B08HN7771X	540
B08PYMT7BM	541
B08HQSK576	542
B08JP365LL	543
B08CTYRD22	544
B07RTK8GR1	545
B07HR754WV	546
B08HQSGMJY	547
B0994HWXVV	548
B085RS26YH	549
B08V4TZC3V	550
B0894D5668	551
B0895FHBVG	552
B08JYFGQYB	553
B08QFGV5ZQ	554
B086SFGYXX	555
B083122WRC	556
B0842BXM5M	557
B08DKFV9SR	558
B083PV1NRN	559
B082FWK886	560
B07HMTLNWH	561
B07JGD2T2J	562
B084BS1GJP	563
B081D87QCJ	564
B081K7P7DF	565
B08GKNDPGC	566
B07PZ8JNWJ	567
B08DRBZNZJ	568
B088LPYXNQ	569
B0888CX245	570
B009GPP546	571
B095VQX4DV	572
B08R3KHG94	573
B07W7PNSV2	574
B07T3Z58HL	575
B0B34GRFL2	576
B09Q5TTQS7	577
B08DNZJ7P2	578
B07JCYGJC3	579
B096YHL82K	580
B0936KRBP2	581
B08KFLJQMR	582
B07VRD5BQK	583
B08P9MP7L8	584
B089K3DLD6	585
B0B6QJLY2H	586
B09SH1FD9S	587
B0971Z28DS	588
B08M256NMN	589
B08HL2GW6R	590
B09LWV3HH2	591
B097WV2LZB	592
B0977LVHF8	593
B096S4RQNH	594
B0793JDW3W	595
B08K2K6RH8	596
B093P3GKF6	597
B0863GCVW5	598
B08R6R1LNP	599
B08P5579KC	600
B01M24DUXH	601
B06Y18KH8Z	602
B08G4VWFNS	603
B08F4XPC97	604
B08K2NG4KX	605
B0752ZGG15	606
B08DK74M1P	607
B08BG42L39	608
B00SNXTL9M	609
B00OXDWFG2	610
B0BL2R5719	611
B09X23VTSQ	612
B0941YDPSW	613
B0957HB33L	614
B08Y6HCR5G	615
B0851T7HDS	616
B08DNCR582	617
B09K77RBHB	618
B07Y2WSGVW	619
B07TC8K86V	620
B007WFZ0XI	621
B0BMTXX727	622
B0B4YJ3Z8W	623
B08JPKXJMV	624
B088X2WPTX	625
B07RD8KL9D	626
B0BG6WX4DH	627
B09NFKDCPG	628
B09KYJJ3D5	629
B097H7H3MT	630
B08M8Z51F1	631
B089D16BWJ	632
B08CZDFBPC	633
B08BS19VF8	634
B08BF4BKKM	635
B08FD2KP9R	636
B07NKXCGHK	637
B07YBW9KTX	638
B07TLMZL3T	639
B07SY7WPS4	640
B086JDDTKR	641
B089CSR3KF	642
B0713VF172	643
B0BM4GX6TT	644
B0BR96M4Y8	645
B07ZG73QXR	646
B07XP7L6XC	647
B07Z4CVTRP	648
B0811YBYVR	649
B07S8F2X21	650
B07VWLSNYN	651
B079J6BS5S	652
B07Q9516Z2	653
B0B4XW2Z7M	654
B09BJM95J7	655
B083B67373	656
B087GD4BJ1	657
B07X1VSC9V	658
B0881MBQQF	659
B08C7BP588	660
B07VQZ5NMR	661
B0B8NLVLPD	662
B096T29D7N	663
B08T8V45JP	664
B075M9L47N	665
B01DD1NOZU	666
B0BR4GL7Q6	667
B08CPF22H2	668
B08J7R5HHX	669
B0839FY8JG	670
B07S8F3LRC	671
B097CDGX7J	672
B08TRGTJGQ	673
B07Q1DC383	674
B08JD4GGYB	675
B0845LNDJK	676
B09L33VJCL	677
B07S7G1WPT	678
B07HN1L8NQ	679
B07G23R7ZX	680
B0B61LGP7B	681
B09ZHW1293	682
B08L99168S	683
B08VDCWKHV	684
B08KG48M5L	685
B085TFXLH1	686
B086M7FJ8G	687
B07Q44Q9GJ	688
B09KX5N1DR	689
B08FGRH559	690
B0BBG78CPP	691
B0B1J4XVW6	692
B09NLMYH7T	693
B07V3WW6SV	694
B08HRHCZV2	695
B0899GVH4V	696
B08BYK8SKR	697
B087G54FLM	698
B088JWX1QF	699
B0BJKHW3BT	700
B0B5928SC7	701
B09WN3KBDF	702
B0BNJ2KVTP	703
B0BS6GVSPX	704
B0BN7ZDMD5	705
B0BHQN97CN	706
B00W6X0I56	707
B0BC87LQ7Q	708
B07GLDYHDF	709
B08Y7HV8CQ	710
B097TGX1J6	711
B09ZDQ626L	712
B09TX2YL1F	713
B09TZW9XYZ	714
B09NV6JY1Y	715
B01N95D8Q9	716
B08VDMRP4X	717
B08HQJXJ19	718
B0BMQ628DB	719
B082XHLYZ5	720
B0BGN49TQL	721
B0B7DQ98PR	722
B0B442Q5WY	723
B09V1WZTDP	724
B09P9HMMLM	725
B09JLSCTR3	726
B09C5NQSC5	727
B093Q24N9V	728
B08VJ7CZW3	729
B08C2T24WG	730
B09C7MPYKW	731
B08FCV18Q4	732
B08FCTM1SP	733
B08DXZW75W	734
B08GMW3HNG	735
B08C2P34JC	736
B07DY1RDQR	737
B01MTQW0BK	738
B0B8GCDKW2	739
B09ZP8TK87	740
B0989H7ZT1	741
B09PFZ6QVL	742
B0BQ9K67TY	743
B0BJJRVM3X	744
B0B7ZSY2P6	745
B08QKXY1KN	746
B08XQYZWCS	747
B0857H7SCD	748
B08GMC48QF	749
B08H4NMXHD	750
B086MN4SRX	751
B08D6PPL42	752
B08BY9P4HR	753
B07Q2G3FSY	754
B07X1NG7TG	755
B07S6CYNBK	756
B0B6DPNJHQ	757
B09FNTZFZZ	758
B09419W8LT	759
B01MSF13T1	760
B07SRW6NVK	761
B0BLVPQHV7	762
B0B58HCRPB	763
B00U2VQZC4	764
B08GFJ31JG	765
B088NVJSJT	766
B00XBRCWSM	767
B00AX3YNPC	768
B09DCT687H	769
B08PP8SHKB	770
B08F7877DC	771
B081D8D5YV	772
B08KY7VYDS	773
B088MG4JDK	774
B0885W8GCL	775
B0BHWJ7BBJ	776
B08RY6S25W	777
B08LCTLZHZ	778
B08F79Z1Q5	779
B08CVCLVS2	780
B08F4CGWBG	781
B08CZG1MQF	782
B08C2DVYCS	783
B086YBQ8M7	784
B07H3SC9XX	785
B00VXEQ0WO	786
B00MFWM1YO	787
B00K58HQRM	788
B015TJJYXU	789
B00DT4757A	790
B01G45HX18	791
B01DGWYQCG	792
B012Q9NGE4	793
B011EXDBAM	794
B010SZWNP6	795
B013HR1A92	796
B019NBEIKY	797
B09HMXY36F	798
B0912RJ62Y	799
B07Q82VGTV	800
B07F3C1QG4	801
B07DXG9LDT	802
B06XBP819W	803
B09YH6M9QT	804
B094TBJ2QN	805
B08P4YQ3K5	806
B08CX9PDR8	807
B07T3PC35M	808
B07PPLGRM2	809
B07QN8CGPL	810
B094164NGG	811
B07S4298B7	812
B07HWX4TMM	813
B0B62GY2RX	814
B09671G4KH	815
B08P9J161D	816
B07D5FBFQ4	817
B08532CNY7	818
B09ZNXX417	819
B086N2SY91	820
B07YQG1Y2Z	821
B07QN8B5VG	822
B00KS4KYRW	823
B07F21DN48	824
B09TTC9Q9W	825
B08D4S6MJD	826
B086YWQ2WW	827
B088P96QTJ	828
B085J9K64C	829
B0771FD7LB	830
B01699WMHO	831
B0169Y84JE	832
B091GG4N2X	833
B08VKT39YX	834
B07YDMZD6R	835
B00X6QE9MK	836
B00J2D80W6	837
B00T83843U	838
B00NOFU1IY	839
B00KVO2JWC	840
B0B3RHM6FH	841
B09NCDK9T1	842
B089YGZZYP	843
B0BC273JJR	844
B07VC9WLW3	845
B09KPBL1GH	846
B0BLV89RLQ	847
B09TQ2SDKK	848
B0B2PM6T7Z	849
B01F7WA2X0	850
B00XDB3QTA	851
B086Q2J3F2	852
B087F14JSH	853
B08HBT6YGW	854
B07TV7DFZC	855
B09ZXKNS36	856
B09QZNR4DB	857
B08KHSB33G	858
B09DCGXDLL	859
B094N6SBL2	860
B095MV7N6Z	861
B093S2HNJ2	862
B08HDG9F44	863
B08KZQKD4G	864
B088YHN4JT	865
B07TLJPBZV	866
B08G4Y4SFV	867
B08DK5D9J5	868
B08BLKFGND	869
B07YG4PRTN	870
B087FTZSZH	871
B089KBMST6	872
B08CMQHW3P	873
B08B14WCHR	874
B081L8J1D8	875
B07S9GZZ6H	876
B08Y8B4CM6	877
B08RD5GD4P	878
B0811PYYKY	879
B08HK11CN4	880
B08J7W1VQL	881
B0876VC4KM	882
B01IG41ZG4	883
B00OS9YWJY	884
B08B5FJMHM	885
B089JWYSMF	886
B083M7MNLP	887
B0B2DN2MHK	888
B08C73ZHQG	889
B08F7FX3RJ	890
B08GKHQ9P1	891
B087BH3YSR	892
B0B3G3DCN6	893
B0B6QK5ML2	894
B09GGC6696	895
B084Z1NLYR	896
B09CTBZVD6	897
B08C7MDQDG	898
B094771J4S	899
B07SDQNK1R	900
B09258TP6J	901
B08Y8723D6	902
B085MCFCPL	903
B08TR1MKHD	904
B08CXPSYWX	905
B07LGWMPL6	906
B09B8RZKBJ	907
B0B4RV6X1H	908
B095VQHVF7	909
B0919LJ9WT	910
B08P27T7RZ	911
B093XXMVS8	912
B08Y13MFLW	913
B086Z22XP3	914
B09K3K4Y4D	915
B08PYXKZRS	916
B087GB8ZRF	917
B08JPJ4Z7V	918
B08693F5FN	919
B087WV6LRN	920
B09Z8ZY59Q	921
B07F8167WJ	922
B07CCZH87X	923
B0B1M7JRHY	924
B0BTTRRH98	925
B0BN12F234	926
B0BN113VWD	927
B08CC6YRLJ	928
B0876L7BWM	929
B0B8CX4MKV	930
B0B5XFVSXY	931
B0B87SH493	932
B0BCFSS4P6	933
B09PL113ZV	934
B09N8WV99X	935
B09SBQ5K11	936
B09JFTQLD5	937
B099959RFF	938
B07P88S8SV	939
B07J3H27BJ	940
B08174L3RB	941
B08GWT454V	942
B08FMGWGYW	943
B08FBHNBP1	944
B088GMVYQX	945
B07WF3DQZ6	946
B0BDYXW42R	947
B09PBTF7V4	948
B08TB3DZ1D	949
B07WVVHJ1K	950
B085BB7B1M	951
B09NSK1NQH	952
B094JJJFHG	953
B082DGDDSH	954
B08CZ5JZMZ	955
B08P15TB2V	956
B08GCJZW9V	957
B08MT8L5ZL	958
B08PBJPQ83	959
B08FMKPW75	960
B08MW3BNP8	961
B084VCJY8D	962
B0B6VCC3BG	963
B09XF5VG5W	964
B09PQC2JCW	965
B0BTV2K819	966
B0963JN3PX	967
B097L88MZD	968
B08M5MQP59	969
B0BYB7XYL1	970
B07Q4YCBWD	971
B08Z32P2Q6	972
B08P58XSTQ	973
B08SHXV5T8	974
B08FTC49Q1	975
B0B8SFDJN9	976
B08GQY6K53	977
B08GNZBRCT	978
B08G149DSD	979
B07VHZDHR6	980
B08BXVJMRY	981
B0876YYL2H	982
B0B4MR9BXN	983
B079NV9PBG	984
B083QP6MX4	985
B09LBK3TNZ	986
B083M985Q5	987
B08R6QX4Y9	988
B088TYPM71	989
B086VK22QT	990
B07HR5QSN2	991
B084WT433X	992
B08Q3F3L7S	993
B08B3SJNL5	994
B0BG9QZK3R	995
B08PHS33D9	996
B07YFQ4C9S	997
B09B3KGCM1	998
B08BY91SGT	999
B08KW32B98	1000
B0BGP4H52V	1001
B08775NJMY	1002
B086JCLWF2	1003
B085MCMZLX	1004
B0BNWSR278	1005
B08W4WQMNM	1006
B0BF8YNJPS	1007
B07MTMX1ZL	1008
B085SY4WC3	1009
B08B3TCMSQ	1010
B0892LX4LX	1011
B09H2NL29Y	1012
B07YV9J2YZ	1013
B014DH4FTC	1014
B00NT0AR7E	1015
B00PKIE760	1016
B00KECQ8BY	1017
B01AYTGWA8	1018
B09PNGDR81	1019
B0B8V4641W	1020
B0B352QGV7	1021
B09Y83JQS7	1022
B09SJ2ZRG9	1023
B09JHRSPVS	1024
B08R9YW6JD	1025
B01CUPHRQM	1026
B0190K63GA	1027
B0190JGPZA	1028
B00X6P92OG	1029
B00MQ6BE92	1030
B084GF14TQ	1031
B08GS19PM7	1032
B0BX53H8XD	1033
B0BP67SKBN	1034
B07PZ8KDHY	1035
B089NQKSLR	1036
B0B5VP6TZ7	1037
B0B8JVSXZ6	1038
B0B5Q96H8R	1039
B08S3B8Y5G	1040
B075KLSX61	1041
B08L3W279N	1042
B08DXCVRNY	1043
B094PV6WXY	1044
B08S2RZVM4	1045
B07JDKTKPW	1046
B086GST51S	1047
B00O3ILA5Y	1048
B097644F71	1049
B08GKN8WLW	1050
B08Z75QDJ9	1051
B01M1OBRBQ	1052
B08T6M827B	1053
B07TVBW1HT	1054
B09CFTB411	1055
B09GKZ9VY4	1056
B08KW54K59	1057
B087BWY1Z5	1058
B0B6G91TB7	1059
B08WF9JQDG	1060
B08L658WC6	1061
B083BJTWWV	1062
B08JF6G92D	1063
B08CS762PT	1064
B0BLVNBZM9	1065
B00Z5VI9MK	1066
B0B6QHG99T	1067
B09R826BXF	1068
B0825H74M5	1069
B08JCZNL2P	1070
B0837DMFV5	1071
B08CGXT68T	1072
B0BFLNDCGH	1073
B08PTZL95G	1074
B08L4JSM2T	1075
B08K8P7LN6	1076
B08NFC4GJN	1077
B08DG5CDXR	1078
B089QR2Y5B	1079
B08B6BPPS1	1080
B00ZPQB9RW	1081
B01GBZT5GM	1082
B0BL1J6HWH	1083
B0892SMXSD	1084
B07CTMKDN3	1085
B085J24382	1086
B085J354CL	1087
B0BPC2QG37	1088
B0C5V83YMB	1089
B09P4YRKHB	1090
B09NBDZDJW	1091
B09Y1Z581L	1092
B0B3NCXPVF	1093
B0BQRP3RYL	1094
B09MKLLL5J	1095
B08YJ5SKZ5	1096
B09T2V5SRH	1097
B0B425N77V	1098
B09778FRVQ	1099
B09WPXHDT9	1100
B07JMKBDBT	1101
B09BR6HVKQ	1102
B0912BNP4J	1103
B09439P7D9	1104
B08XBBZPN6	1105
B09CNW72YH	1106
B0BPM7SBDK	1107
B08BYKQS9S	1108
B08GS1G9BH	1109
B0B9C3C8SS	1110
B091Y1V1FZ	1111
B08YYKWXX4	1112
B082VYZHBS	1113
B08GY96F87	1114
B09C7SS1LY	1115
B01LXSWG49	1116
B00BRN5TQY	1117
B08CKT3GC2	1118
B08MW4BTYB	1119
B08WTX8K9F	1120
B00Q0OZWSU	1121
B09G6SVJV4	1122
B09ZPCDGDR	1123
B08ZSL19VK	1124
B08M3MKCGH	1125
B0C49FG2KQ	1126
B08L8Z4QZC	1127
B07YXB7TJ4	1128
B087Q8VHCD	1129
B085RQKWNF	1130
B004RC8TW8	1131
B09JNRPRKT	1132
B08PQMJRZZ	1133
B089KDH1H5	1134
B08H1XKLMS	1135
B09MDWLNBR	1136
B09YRZG8T8	1137
B08J7QKSNZ	1138
B08234RH6Z	1139
B08L3Z7VVB	1140
B0BCHJ9MT1	1141
B000PKKAGO	1142
B079M24W38	1143
B0BT51J3Y5	1144
B0BMLD6TJY	1145
B0B6QD5J3Q	1146
B09HGVRZCS	1147
B09FXJRS2G	1148
B08YZ3854D	1149
B094QZR81B	1150
B09GGVH7RQ	1151
B08VNP9MKF	1152
B093GX6XVV	1153
B08VKNT86J	1154
B08ZS8RLM8	1155
B08VF3FMPZ	1156
B0948W62MB	1157
B08W2HG4BD	1158
B095NZ5TLV	1159
B07T4LKC4D	1160
B087J3H22J	1161
B01CVQALFE	1162
B01CDEJ1H8	1163
B0BDFKFWQF	1164
B091KKFZZC	1165
B095SHWTG6	1166
B08Y74MT86	1167
B09B7F54K1	1168
B08MTLP5X5	1169
B0B87L2H8R	1170
B09TZXGSX6	1171
B08Q76S3MS	1172
B0BFJ87BW5	1173
B08HCMNLKD	1174
B0B4D7V2HV	1175
B07HGFNG5N	1176
B0BSV97728	1177
B07JNPPL3M	1178
B0BKLCF1CL	1179
B07XM9KWNH	1180
B08GQV1HZ6	1181
B08W8QPWDK	1182
B0C5FZDPD3	1183
B09Y84HNCB	1184
B08ZYDMZF4	1185
B08PCSXH3V	1186
B097TV9CR6	1187
B0989DTGRK	1188
B07T6821GV	1189
B09LX1NLG3	1190
B08FML9Z42	1191
B0969S9LT3	1192
B01C763HMW	1193
B09X17NSB6	1194
B0B8GVTPSX	1195
B0B5LNLFQK	1196
B09T5L3GF2	1197
B07H1HM6X6	1198
B0B6B49H1G	1199
B09FY9ZJ2V	1200
B0B591YB3B	1201
B095Y1KFL7	1202
B0912639N3	1203
B08FB7RHF5	1204
B089LXFCV3	1205
B0BTTNDWXB	1206
B0BF5FRQ8V	1207
B0B85L2JTC	1208
B0C4LR3NZT	1209
B08HMVTVZB	1210
B08CXWTK1G	1211
B00JSACNMG	1212
B0B88X2FK4	1213
B08KJF6Y6C	1214
B08CDJFCMC	1215
B087QYY7P5	1216
B085QDWHQJ	1217
B09TS1H16G	1218
B0B6653VGM	1219
B097Y9L3J8	1220
B08WCQWP3T	1221
B08YCYWY79	1222
B08JP74M51	1223
B086VZZF6Y	1224
B09W1ZF2TP	1225
B09D8D6KWQ	1226
B07FP1QXDZ	1227
B08NC4378M	1228
B07X1TJ3N5	1229
B09BKK8G76	1230
B08689TKXQ	1231
B089QB24K7	1232
B08MWN8VG9	1233
B08K7QW1QS	1234
B08BXV3M4X	1235
B09X2YLWP3	1236
B09S6VFV48	1237
B08HXPGJGR	1238
B0BV31FS1W	1239
B0B7L3W5WD	1240
B08Z36QF9L	1241
B08LCB741R	1242
B0B593BBTH	1243
B0BKGM8XVS	1244
B093H28PD4	1245
B0972475QS	1246
B09SPPL7S4	1247
B09LXDDCMR	1248
B0BLVN677K	1249
B0B5YVX9YY	1250
B09WSVFSGJ	1251
B07KGHL397	1252
B016LD3C04	1253
B09TFZZ4GW	1254
B0B2Q89N93	1255
B0B7WR1NB7	1256
B07QF1LW1L	1257
B0B4M3W3XF	1258
B09G9VRGS1	1259
B08D3LPDQQ	1260
B09Z354HDV	1261
B0B8Q3WTGP	1262
B08K4Q8S7P	1263
B08J49TCX6	1264
B011JG1K3E	1265
B013L9TX22	1266
B08R3Z6W4T	1267
B09T9KP2HS	1268
B08XYTTRPL	1269
B08R7BSGVH	1270
B08BXVGX6F	1271
B09YLX89N9	1272
B08MCT8C27	1273
B0B1DCQWR7	1274
B08H5S2MJJ	1275
B08YNB5SHG	1276
B07W4DHYLK	1277
B08GC5GSNG	1278
B08P34KZL7	1279
B0BL23M7W9	1280
B0B18CG44R	1281
B09H7599MT	1282
B09NVT7GGD	1283
B01KLF92VG	1284
B0BGT17QQG	1285
B08FXPD3X7	1286
B08DFR98QT	1287
B0855SC9CW	1288
B01DNQFR2S	1289
B0BK9R3Z6F	1290
B09Y5P1Y1F	1291
B0BGSZJC51	1292
B093CPFRHJ	1293
B096LDHLNM	1294
B091RCYLR4	1295
B088Z47BPK	1296
B0B8DB17VT	1297
B0B37BKFV6	1298
B0BBM276SL	1299
B0BS1R47M7	1300
B0B5S13ZY2	1301
B000UK2VRK	1302
B097C641SG	1303
B097DRRT82	1304
B089SVZ3NP	1305
B010VRPD08	1306
B09683QNNC	1307
B098PY23L2	1308
B09FQC3MD2	1309
B08GHBDJQX	1310
B09MTH6MJB	1311
B09BR6T5X6	1312
B08VSDM8PL	1313
B08T9BGQ6H	1314
B0B1H78PNW	1315
B09DYL2V3R	1316
B08WHBSK6R	1317
B09CQ5XB97	1318
B07J29S37G	1319
B09FZ4LZYP	1320
B08SSXQSVX	1321
B0963G6H4J	1322
B091TKH1JF	1323
B088H81Q7P	1324
B098JX1V49	1325
B09C6P3174	1326
B086YGY2HP	1327
B0B1T39KQM	1328
B0BM35X1LF	1329
B09VH7M73X	1330
B09KGG7QNS	1331
B08TQKQ99W	1332
B0B4KS62Z8	1333
B09WTW9WLH	1334
B089YWCVRQ	1335
B0BF4T4GBD	1336
B00JNI1DZQ	1337
B0971PWDFB	1338
B09492T3QR	1339
B08QYMWL16	1340
B0B376FMSH	1341
B09WCRM6G4	1342
B09V56QPG6	1343
B07SGCV4SP	1344
B0B155JVVV	1345
B08K2YSSLP	1346
B08PTT8WF6	1347
B093YZRGJ1	1348
B08CMHFXJN	1349
B089GQB9WM	1350
B08TQQL7M2	1351
B08D5ZT3Q8	1352
B08GYK8QMT	1353
B08THPYX9M	1354
B0B593V71L	1355
B08R3KVMGX	1356
B07T4YQK62	1357
B08LPS9QXQ	1358
B088M75L1Q	1359
B09P1CG3MN	1360
B0BBBKTDWS	1361
B094XX4BTX	1362
B08H4F6DRD	1363
B088YWR6ST	1364
B0BCJNWML3	1365
B08V8JDTLM	1366
B08SFRFJS6	1367
B07SW6H672	1368
B09L83YMXF	1369
B08B16SPT7	1370
B086JRW3WL	1371
B0882HXCYS	1372
B092Z7Y6QJ	1373
B094VSZNNK	1374
B08L4Y347P	1375
B08LDB8FTW	1376
B08NPGDHLM	1377
B07DKS4F1W	1378
B0B2LLKFN8	1379
B0B1M771DJ	1380
B09C5WY6TG	1381
B09HGGBTV4	1382
B0B7DNFX1J	1383
B0BJSKTYHL	1384
B08KW15N2L	1385
B0B186FXGM	1386
B093GR3N8W	1387
B08WR94H41	1388
B08HJYBFZV	1389
B085HNB449	1390
B09Z2QNC19	1391
B0B8YZ4M7L	1392
B00PGGLADO	1393
B00S5LB08W	1394
B095Y4L452	1395
B07KYWYWM5	1396
B07CSL21J8	1397
B073GBF82H	1398
B0BF96JLDN	1399
B09C2ZW2GL	1400
B0BBY271B6	1401
B08VF373NX	1402
B0BBH2RLDX	1403
B0BSHDZS1J	1404
B01AKTK50U	1405
B09VKYY8YS	1406
B09N6QFV16	1407
B00Y6ZJKTC	1408
B01BZBE2VU	1409
B01DL9K0LK	1410
B01CZNI0KG	1411
B00K5RZIKA	1412
B00RUKJGYY	1413
B0B2SGXNLF	1414
B0C711DDV7	1415
B08MW22P84	1416
B09PDK38GB	1417
B09M2XHRL8	1418
B09DQV8MK7	1419
B08XJZR3S9	1420
B0968553LW	1421
B089718NZC	1422
B08JFF4PLP	1423
B00P93UO5O	1424
B088WHPJS5	1425
B07DXCVK8G	1426
B071K5T4JN	1427
B09LS5B4FC	1428
B08HLY7CX9	1429
B091SWKVTJ	1430
B09C5X4L24	1431
B08QD2RNJT	1432
B0995477B6	1433
B09MJFQRKL	1434
B08KRT47KY	1435
B00TKKMIRO	1436
B00TKJRZN2	1437
B00TKJET7W	1438
B09Y1RRM72	1439
B0BKLN8RXV	1440
B01FIART50	1441
B016FNSUMU	1442
B0178GALNO	1443
B0BXXD1FZ4	1444
B01FV2O2I2	1445
B0719CXFHG	1446
B01JMKRPBU	1447
B01JMQ7IUC	1448
B01JMRYD8Q	1449
B08MVPVJ7V	1450
B0B4YGQT7R	1451
B0BVF8157G	1452
B005HJHPCA	1453
B0B14PSWYY	1454
B09SHR3YR3	1455
B07YHXR12V	1456
B08LKLDCWJ	1457
B08QFLW9B2	1458
B09M7WMGQH	1459
B098SNC6S6	1460
B095RYVQV4	1461
B08NGP9QF5	1462
B01MF9PHAF	1463
B01MF8ZK32	1464
B01M661D7F	1465
B07F7MBMJ2	1466
B00XVYRQ1I	1467
B01B4F2U5M	1468
B00NFX6FJO	1469
B018XJGO5E	1470
B0BL82HHN5	1471
B09P3ZMV55	1472
